Model Number,Uniprot/PDB number,Weinstein Ballesteros,Helix
1,70,1.35,TM1
2,71,1.43,TM1
3,72,1.36,TM1
4,73,1.37,TM1
5,74,1.44,TM1
6,75,1.38,TM1
7,76,1.39,TM1
8,77,1.45,TM1
9,78,1.40,TM1
10,79,1.41,TM1
11,80,1.46,TM1
12,81,1.42,TM1
13,82,1.43,TM1
14,83,1.47,TM1
15,84,1.44,TM1
16,85,1.45,TM1
17,86,1.48,TM1
18,87,1.46,TM1
19,88,1.47,TM1
20,89,1.49,TM1
21,90,1.48,TM1
22,91,1.49,TM1
23,92,1.50,TM1
24,93,1.51,TM1
25,94,1.52,TM1
26,95,1.53,TM1
27,96,1.54,TM1
28,97,1.55,TM1
29,98,1.56,TM1
30,99,1.57,TM1
31,100,1.58,TM1
32,101,1.59,TM1
33,102,-,ICL2
34,103,-,ICL2
35,104,x,ICL2
36,105,-,ICL2
37,106,-,ICL2
38,107,2.37,TM2
39,108,2.38,TM2
40,109,2.39,TM2
41,110,2.40,TM2
42,111,2.41,TM2
43,112,2.42,TM2
44,113,2.43,TM2
45,114,2.44,TM2
46,115,2.45,TM2
47,116,2.46,TM2
48,117,2.47,TM2
49,118,2.48,TM2
50,119,2.49,TM2
51,120,2.50,TM2
52,121,2.51,TM2
53,122,2.52,TM2
54,123,2.53,TM2
55,124,2.54,TM2
56,125,2.55,TM2
57,126,2.56,TM2
58,127,2.57,TM2
59,128,2.58,TM2
60,129,2.59,TM2
61,130,2.60,TM2
62,131,2.61,TM2
63,132,2.62,TM2
64,133,2.63,TM2
65,134,2.64,TM2
66,135,2.65,TM2
67,136,2.66,TM2
68,137,2.67,TM2
69,138,2.68,TM2
70,139,-,ECL1
71,140,-,ECL1
72,141,x,ECL1
73,142,-,ECL1
74,143,-,ECL1
75,144,3.21,TM3
76,145,3.22,TM3
77,146,3.23,TM3
78,147,3.24,TM3
79,148,3.25,TM3
80,149,3.26,TM3
81,150,3.27,TM3
82,151,3.28,TM3
83,152,3.29,TM3
84,153,3.30,TM3
85,154,3.31,TM3
86,155,3.32,TM3
87,156,3.33,TM3
88,157,3.34,TM3
89,158,3.35,TM3
90,159,3.36,TM3
91,160,3.37,TM3
92,161,3.38,TM3
93,162,3.39,TM3
94,163,3.40,TM3
95,164,3.41,TM3
96,165,3.42,TM3
97,166,3.43,TM3
98,167,3.44,TM3
99,168,3.45,TM3
100,169,3.46,TM3
101,170,3.47,TM3
102,171,3.48,TM3
103,172,3.49,TM3
104,173,3.50,TM3
105,174,3.51,TM3
106,175,3.52,TM3
107,176,3.53,TM3
108,177,3.54,TM3
109,178,3.55,TM3
110,179,3.56,TM3
111,180,-,ICL2
112,181,-,ICL2
113,182,-,ICL2
114,183,x,ICL2
115,184,x,ICL2
116,185,-,ICL2
117,186,-,ICL2
118,187,-,ICL2
119,188,4.38,TM4
120,189,4.39,TM4
121,190,4.40,TM4
122,191,4.41,TM4
123,192,4.42,TM4
124,193,4.43,TM4
125,194,4.44,TM4
126,195,4.45,TM4
127,196,4.46,TM4
128,197,4.47,TM4
129,198,4.48,TM4
130,199,4.49,TM4
131,200,4.50,TM4
132,201,4.51,TM4
133,202,4.52,TM4
134,203,4.53,TM4
135,204,4.54,TM4
136,205,4.55,TM4
137,206,4.56,TM4
138,207,4.57,TM4
139,208,4.58,TM4
140,209,4.59,TM4
141,210,4.60,TM4
142,211,4.61,TM4
143,212,4.62,TM4
144,213,4.63,TM4
145,214,4.64,TM4
146,215,4.65,TM4
147,216,4.66,TM4
148,217,4.67,TM4
149,218,-,ECL2
150,219,-,ECL2
151,220,-,ECL2
152,221,-,ECL2
153,222,-,ECL2
154,223,-,ECL2
155,224,x,ECL2
156,225,-,ECL2
157,226,-,ECL2
158,227,-,ECL2
159,228,-,ECL2
160,229,-,ECL2
161,230,-,ECL2
162,231,5.35,TM5
163,232,5.36,TM5
164,233,5.37,TM5
165,234,5.38,TM5
166,235,5.39,TM5
167,236,5.40,TM5
168,237,5.41,TM5
169,238,5.42,TM5
170,239,5.43,TM5
171,240,5.44,TM5
172,241,5.45,TM5
173,242,5.46,TM5
174,243,5.47,TM5
175,244,5.48,TM5
176,245,5.49,TM5
177,246,5.50,TM5
178,247,5.51,TM5
179,248,5.52,TM5
180,249,5.53,TM5
181,250,5.54,TM5
182,251,5.55,TM5
183,252,5.56,TM5
184,253,5.57,TM5
185,254,5.58,TM5
186,255,5.59,TM5
187,256,5.60,TM5
188,257,5.61,TM5
189,258,5.62,TM5
190,259,5.63,TM5
191,260,5.64,TM5
192,261,5.65,TM5
193,262,5.66,TM5
194,,,ICL3
195,,,ICL3
196,,,ICL3
197,,,ICL3
198,,,ICL3
199,,,ICL3
200,,,ICL3
201,,,ICL3
202,,,ICL3
203,,,ICL3
204,,,ICL3
205,,,ICL3
206,,,ICL3
207,315,6.27,TM6
208,316,6.28,TM6
209,317,6.29,TM6
210,318,6.30,TM6
211,319,6.31,TM6
212,320,6.32,TM6
213,321,6.33,TM6
214,322,6.34,TM6
215,323,6.35,TM6
216,324,6.36,TM6
217,325,6.37,TM6
218,326,6.38,TM6
219,327,6.39,TM6
220,328,6.40,TM6
221,329,6.41,TM6
222,330,6.42,TM6
223,331,6.43,TM6
224,332,6.44,TM6
225,333,6.45,TM6
226,334,6.46,TM6
227,335,6.47,TM6
228,336,6.48,TM6
229,337,6.49,TM6
230,338,6.50,TM6
231,339,6.51,TM6
232,340,6.52,TM6
233,341,6.53,TM6
234,342,6.54,TM6
235,343,6.55,TM6
236,344,6.56,TM6
237,345,6.57,TM6
238,346,6.58,TM6
239,347,6.59,TM6
240,348,6.60,TM6
241,349,6.61,TM6
242,350,-,ECL3
243,351,-,ECL3
244,352,-,ECL3
245,353,-,ECL3
246,354,7.27,TM7
247,355,7.28,TM7
248,356,7.29,TM7
249,357,7.30,TM7
250,358,7.31,TM7
251,359,7.32,TM7
252,360,7.33,TM7
253,361,7.34,TM7
254,362,7.35,TM7
255,363,7.36,TM7
256,364,7.37,TM7
257,365,7.38,TM7
258,366,7.39,TM7
259,367,7.40,TM7
260,368,7.41,TM7
261,369,7.42,TM7
262,370,7.43,TM7
263,371,7.44,TM7
264,372,7.45,TM7
265,373,7.46,TM7
266,374,7.47,TM7
267,375,7.48,TM7
268,376,7.49,TM7
269,377,7.50,TM7
270,378,7.51,TM7
271,379,7.52,TM7
272,380,7.53,TM7
273,381,7.54,TM7
274,382,7.55,TM7
275,383,7.56,TM7
276,384,-,TM8
277,385,-,TM8
278,386,-,TM8
279,387,-,TM8
280,388,-,TM8
281,389,-,TM8
282,390,-,TM8
283,391,-,TM8
284,392,-,TM8
285,393,-,TM8