,0
0,0.090370186
1,0.07708147
2,0.0802574
3,0.07347598
4,0.03648622
5,0.034275882
6,0.017079769
7,0.046539865
8,0.044714727
9,0.07443273
10,0.07030593
11,0.05313826
12,0.06748835
13,0.048932474
14,0.03140525
15,0.03712493
16,0.009658944
17,0.018142616
18,0.003905038
19,0.0084528355
20,0.006503908
21,0.016372751
22,0.005142842
23,0.011431961
24,0.006783871
25,0.008251541
26,0.005414763
27,0.0072099883
28,0.0045657097
29,0.004894094
30,0.002489515
31,0.0028861563
32,0.001449979
33,0.0037680757
34,0.0031546957
35,0.0027232133
36,0.003649284
37,0.12566155
38,0.11358153
39,0.07531654
40,0.1375426
41,0.11941067
42,0.117571436
43,0.066555664
44,0.1370848
45,0.13958162
46,0.18715769
47,0.14425968
48,0.19810851
49,0.18883102
50,0.23038045
51,0.10786013
52,0.16841581
53,0.12561189
54,0.14283139
55,0.018361682
56,0.027704667
57,0.033165477
58,0.046079006
59,0.019876903
60,0.033710636
61,0.028968222
62,0.035246313
63,0.018935889
64,0.026964681
65,0.013540219
66,0.013974611
67,0.005180224
68,0.0066075562
69,0.0064835115
70,0.0069109425
71,0.005961547
72,0.0068763597
73,0.0043553603
74,0.2139286
75,0.26342714
76,0.25632998
77,0.28737888
78,0.2112688
79,0.19453417
80,0.0980131
81,0.21760614
82,0.202737
83,0.25884086
84,0.21180674
85,0.32202634
86,0.28129867
87,0.26446337
88,0.16810426
89,0.24696107
90,0.13857636
91,0.14760454
92,0.029305104
93,0.04580663
94,0.045331247
95,0.05030571
96,0.041128524
97,0.059489377
98,0.057649143
99,0.06277811
100,0.040685143
101,0.04548772
102,0.031772513
103,0.030377025
104,0.007357407
105,0.0092440955
106,0.0075448463
107,0.00875409
108,0.008239461
109,0.010089865
110,0.0029472604
111,0.14671952
112,0.11673843
113,0.14605348
114,0.16921178
115,0.09285865
116,0.14852926
117,0.08368639
118,0.06580893
119,0.094395064
120,0.1523542
121,0.124963656
122,0.11157887
123,0.12480814
124,0.16079411
125,0.115046166
126,0.10117812
127,0.06414694
128,0.115723796
129,0.021165276
130,0.0279638
131,0.02499096
132,0.040099315
133,0.02176687
134,0.0345619
135,0.03403762
136,0.034285717
137,0.021869214
138,0.024947805
139,0.008259958
140,0.013673218
141,0.024715941
142,0.025502495
143,0.01815549
144,0.021319097
145,0.0033410834
146,0.0071568103
147,0.0013714188
148,0.08388603
149,0.09789494
150,0.07995351
151,0.16647165
152,0.050469954
153,0.114878185
154,0.034473658
155,0.11369444
156,0.17969206
157,0.116776414
158,0.096769
159,0.24656196
160,0.29748648
161,0.22937414
162,0.22942151
163,0.21816584
164,0.2674565
165,0.22083843
166,0.043404125
167,0.042565636
168,0.03844158
169,0.047943197
170,0.0022737451
171,0.021554856
172,0.008936542
173,0.021585554
174,0.0050397585
175,0.028036172
176,0.026758475
177,0.025982847
178,0.013370035
179,0.009308123
180,0.008430012
181,0.014292621
182,0.022013374
183,0.021695297
184,0.0009654834
185,0.16426387
186,0.17463987
187,0.15125585
188,0.22843677
189,0.1602422
190,0.19693254
191,0.08530093
192,0.13289125
193,0.1553864
194,0.21191478
195,0.152004
196,0.16707891
197,0.18429112
198,0.22731785
199,0.121148504
200,0.14954819
201,0.11445321
202,0.13884167
203,0.060556255
204,0.08076411
205,0.06943755
206,0.08569832
207,0.030278098
208,0.058514297
209,0.05493319
210,0.06688037
211,0.02953422
212,0.044112347
213,0.027923713
214,0.035186835
215,0.011722157
216,0.016222166
217,0.022052089
218,0.018868854
219,0.008026701
220,0.008620309
221,0.0064342655
222,0.18570852
223,0.22837551
224,0.28389454
225,0.29227063
226,0.21892397
227,0.1571978
228,0.13410185
229,0.1353159
230,0.14145645
231,0.13504124
232,0.110413864
233,0.14089413
234,0.17983729
235,0.1692312
236,0.09801227
237,0.121472515
238,0.16855258
239,0.12534052
240,0.076211676
241,0.10144386
242,0.113060884
243,0.105504476
244,0.031465806
245,0.060470182
246,0.07409965
247,0.06986027
248,0.02975858
249,0.049368978
250,0.046532996
251,0.04314043
252,0.025454499
253,0.029153291
254,0.034762144
255,0.02148551
256,0.01184418
257,0.01187791
258,0.009529648
259,0.22113748
260,0.3951879
261,0.41215968
262,0.52669275
263,0.35171092
264,0.3642433
265,0.45042974
266,0.3870311
267,0.1883377
268,0.16929358
269,0.09737541
270,0.11139734
271,0.07923687
272,0.14037554
273,0.072483644
274,0.08239471
275,0.10598345
276,0.08576076
277,0.24976008
278,0.22981916
279,0.231223
280,0.20395866
281,0.049678456
282,0.18115106
283,0.16248867
284,0.18157825
285,0.05841256
286,0.106808014
287,0.115475744
288,0.13104601
289,0.01705128
290,0.021921916
291,0.022980515
292,0.022333706
293,0.0061369236
294,0.0099268025
295,0.0048169126
296,0.097582765
297,0.20668662
298,0.1254046
299,0.30641785
300,0.12588511
301,0.15588664
302,0.10764672
303,0.25645456
304,0.18417516
305,0.19911095
306,0.116891384
307,0.18966056
308,0.06808107
309,0.13300426
310,0.08227359
311,0.14023478
312,0.12763599
313,0.11351313
314,0.05619791
315,0.23188812
316,0.13558826
317,0.15103778
318,0.04869594
319,0.2843173
320,0.20831141
321,0.17823109
322,0.08698566
323,0.18801574
324,0.121712305
325,0.14110933
326,0.022625376
327,0.030255647
328,0.022136714
329,0.02402265
330,0.005580994
331,0.005915745
332,0.0044291047
333,0.139014
334,0.3224086
335,0.26212597
336,0.42285314
337,0.21665952
338,0.3567842
339,0.22847164
340,0.38334018
341,0.20821436
342,0.21650796
343,0.135614
344,0.13574746
345,0.14345506
346,0.13692136
347,0.050739877
348,0.059045732
349,0.056837115
350,0.09899563
351,0.07128717
352,0.16659932
353,0.18511784
354,0.24411707
355,0.07871938
356,0.0813305
357,0.08834575
358,0.12198718
359,0.08648749
360,0.049122535
361,0.04713792
362,0.06551496
363,0.018397361
364,0.014605227
365,0.01827288
366,0.019539349
367,0.013593932
368,0.014444254
369,0.0108350245
370,0.21973427
371,0.45122895
372,0.46826598
373,0.5525059
374,0.46030065
375,0.53913677
376,0.44215992
377,0.50403434
378,0.25695837
379,0.2662121
380,0.30754519
381,0.23797385
382,0.09922096
383,0.10823936
384,0.019498935
385,0.2194729
386,0.26920897
387,0.2616502
388,0.24859975
389,0.40315232
390,0.39508292
391,0.40706748
392,0.19974859
393,0.39346159
394,0.421302
395,0.41816276
396,0.29339638
397,0.32052818
398,0.3217204
399,0.30076706
400,0.06457523
401,0.05484039
402,0.053228945
403,0.048618037
404,0.013301259
405,0.014169052
406,0.014723081
407,0.09353514
408,0.1447006
409,0.14370638
410,0.27134776
411,0.17843086
412,0.2887083
413,0.17745885
414,0.30377135
415,0.12838823
416,0.1679512
417,0.105952404
418,0.07506692
419,0.05592097
420,0.06806281
421,0.02822573
422,0.06980892
423,0.07937519
424,0.14078452
425,0.063263394
426,0.06759335
427,0.0592734
428,0.08485513
429,0.07014738
430,0.02681711
431,0.04900646
432,0.054853197
433,0.10233604
434,0.05215139
435,0.06451201
436,0.08762575
437,0.05160106
438,0.045048013
439,0.040849548
440,0.032665785
441,0.006742961
442,0.0062218467
443,0.0088881655
444,0.17287958
445,0.27868143
446,0.31380615
447,0.22818296
448,0.258512
449,0.18878645
450,0.2639902
451,0.19307521
452,0.34129322
453,0.2568236
454,0.085940585
455,0.11894042
456,0.089702986
457,0.115522645
458,0.058308616
459,0.045072854
460,0.05817887
461,0.03468814
462,0.15716039
463,0.15499428
464,0.19465049
465,0.10602835
466,0.040020186
467,0.12551501
468,0.15264654
469,0.073417746
470,0.0627638
471,0.09115062
472,0.14404689
473,0.0830677
474,0.013696728
475,0.016370269
476,0.024704758
477,0.020889921
478,0.004685618
479,0.004142524
480,0.00499036
481,0.18275504
482,0.21814531
483,0.22343354
484,0.3539842
485,0.29805753
486,0.33959526
487,0.105127305
488,0.20562808
489,0.14415328
490,0.15904365
491,0.040349644
492,0.06796306
493,0.115266144
494,0.13857134
495,0.029293388
496,0.09987697
497,0.13440982
498,0.15067773
499,0.08453758
500,0.111795634
501,0.08213956
502,0.07858281
503,0.05862128
504,0.1544966
505,0.13890159
506,0.1890242
507,0.06614416
508,0.0801756
509,0.08765674
510,0.13703264
511,0.011156325
512,0.019337147
513,0.026065646
514,0.037397552
515,0.0067393505
516,0.007462252
517,0.0052114096
518,0.26754728
519,0.23040839
520,0.19559364
521,0.41719687
522,0.37106258
523,0.35334602
524,0.17131989
525,0.314416
526,0.40636274
527,0.30491635
528,0.10202156
529,0.21069814
530,0.26848927
531,0.24936208
532,0.09631366
533,0.13805448
534,0.15211399
535,0.17134248
536,0.051814783
537,0.09081301
538,0.08227084
539,0.09116197
540,0.030585457
541,0.044584617
542,0.053457547
543,0.05506015
544,0.030344341
545,0.030105622
546,0.033923104
547,0.041527793
548,0.02292714
549,0.02341709
550,0.023740865
551,0.015471996
552,0.0019682925
553,0.0037728904
554,0.0019052421
555,0.18138207
556,0.2628793
557,0.21925455
558,0.2931414
559,0.08525107
560,0.092449345
561,0.13581647
562,0.25673237
563,0.1181255
564,0.16526258
565,0.10822535
566,0.13204113
567,0.12027959
568,0.1324863
569,0.03885825
570,0.04440711
571,0.06840906
572,0.08794342
573,0.023997633
574,0.042444434
575,0.027336696
576,0.03784614
577,0.017702876
578,0.033303555
579,0.032385245
580,0.033345394
581,0.026296353
582,0.011301486
583,0.012573515
584,0.014615205
585,0.019496223
586,0.0262467
587,0.008085259
588,0.010829386
589,0.005145475
590,0.00695797
591,0.0021447565
592,0.08813065
593,0.15766214
594,0.13253552
595,0.28759423
596,0.204335
597,0.20263518
598,0.17059913
599,0.26207352
600,0.20805587
601,0.17358164
602,0.029918136
603,0.0518529
604,0.047308184
605,0.058532704
606,0.030085897
607,0.038594875
608,0.073049635
609,0.0734163
610,0.03740328
611,0.05395015
612,0.038121846
613,0.04543794
614,0.029725676
615,0.03120413
616,0.031581327
617,0.03497882
618,0.020753106
619,0.023216933
620,0.025095614
621,0.035956506
622,0.03705388
623,0.03782328
624,0.033298656
625,0.04019575
626,0.018577226
627,0.019969106
628,0.0071592424
629,0.105203815
630,0.1795636
631,0.09142602
632,0.13520512
633,0.17186233
634,0.21693332
635,0.07721467
636,0.17015673
637,0.13535278
638,0.156161
639,0.018065818
640,0.055269446
641,0.04252254
642,0.04769542
643,0.036864012
644,0.04701318
645,0.040614713
646,0.057758395
647,0.014998802
648,0.02360825
649,0.0122180395
650,0.013249948
651,0.010255119
652,0.023110956
653,0.033102747
654,0.036834978
655,0.0074636033
656,0.018222116
657,0.010868838
658,0.016555455
659,0.021259997
660,0.018970517
661,0.015495757
662,0.012862094
663,0.0058757775
664,0.004029335
665,0.004552235
666,0.18453953
667,0.25909713
668,0.29392332
669,0.25221774
670,0.2687685
671,0.32277018
672,0.11719152
673,0.15412848
674,0.054730963
675,0.06977673
676,0.066054106
677,0.10316856
678,0.111076236
679,0.0946117
680,0.06629193
681,0.08391294
682,0.09781689
683,0.109304614
684,0.031496916
685,0.05175971
686,0.08530209
687,0.105162814
688,0.050224185
689,0.08547474
690,0.09774655
691,0.10256678
692,0.04235412
693,0.075421385
694,0.057010192
695,0.07389079
696,0.021500109
697,0.02132748
698,0.022189485
699,0.031521518
700,0.01115859
701,0.0118125845
702,0.004583601
703,0.1514135
704,0.18129002
705,0.1534811
706,0.0967994
707,0.14203204
708,0.22064632
709,0.13812917
710,0.35539448
711,0.29469588
712,0.34082294
713,0.09232276
714,0.432139
715,0.434318
716,0.46839353
717,0.18678077
718,0.3464769
719,0.34231976
720,0.38654897
721,0.050093982
722,0.06488248
723,0.08459185
724,0.11430118
725,0.015391822
726,0.011075798
727,0.011380509
728,0.024043845
729,0.006053081
730,0.029654726
731,0.02432512
732,0.03645416
733,0.013064651
734,0.01955214
735,0.011469997
736,0.019942207
737,0.0052902177
738,0.007093728
739,0.0046065114
740,0.28091526
741,0.3078794
742,0.2888438
743,0.6438198
744,0.52298355
745,0.59798104
746,0.18670815
747,0.6348651
748,0.39111084
749,0.40910646
750,0.18926282
751,0.8006939
752,0.62891555
753,0.55372006
754,0.2968889
755,0.57520735
756,0.36493906
757,0.41370326
758,0.080861546
759,0.11405524
760,0.06892885
761,0.123468116
762,0.013209242
763,0.016118752
764,0.029329915
765,0.0071196347
766,0.020261027
767,0.034895964
768,0.051719297
769,0.04434287
770,0.048768025
771,0.043583184
772,0.046117146
773,0.036100075
774,0.019052835
775,0.015376995
776,0.001467992
777,0.3023493
778,0.6213664
779,0.5055576
780,0.6799754
781,0.61427385
782,0.7309907
783,0.24468167
784,0.34985206
785,0.18060277
786,0.24118373
787,0.080285154
788,0.17152748
789,0.16987833
790,0.29140604
791,0.15111722
792,0.22703326
793,0.21688583
794,0.36149946
795,0.051801138
796,0.09686775
797,0.10417482
798,0.14545058
799,0.05297764
800,0.15693527
801,0.14644308
802,0.16330604
803,0.076431096
804,0.120146744
805,0.12594476
806,0.14491747
807,0.019104926
808,0.027127326
809,0.022566486
810,0.032578446
811,0.0076115457
812,0.010004073
813,0.0029785943
814,0.4250002
815,0.51227474
816,0.59300774
817,0.5361612
818,0.39897862
819,0.38428974
820,0.12954158
821,0.33851913
822,0.37976083
823,0.3695673
824,0.4206679
825,0.91237855
826,0.99999994
827,0.99589545
828,0.71997577
829,0.76958567
830,0.782134
831,0.74742365
832,0.13289654
833,0.09223787
834,0.09233468
835,0.109304726
836,0.04148679
837,0.20744579
838,0.20466346
839,0.17681123
840,0.10750291
841,0.18554115
842,0.16173199
843,0.175536
844,0.04178494
845,0.051842045
846,0.036812477
847,0.039010864
848,0.012564534
849,0.015403583
850,0.003795133
851,0.245511
852,0.25951096
853,0.36891747
854,0.2326125
855,0.16678695
856,0.25102633
857,0.09465402
858,0.15998842
859,0.07896462
860,0.12034022
861,0.13526821
862,0.080242746
863,0.156108
864,0.17856485
865,0.21138644
866,0.10906123
867,0.20580234
868,0.2644613
869,0.04611742
870,0.030722843
871,0.06188763
872,0.09738939
873,0.01641462
874,0.06478779
875,0.05230574
876,0.08213261
877,0.03619975
878,0.07185767
879,0.06980856
880,0.12168946
881,0.024162581
882,0.037089817
883,0.017435847
884,0.030952046
885,0.0092557715
886,0.014041055
887,0.0031305407
888,0.18498877
889,0.2154622
890,0.2763509
891,0.25677994
892,0.21643238
893,0.1762133
894,0.17310639
895,0.17059174
896,0.17049396
897,0.13461308
898,0.06539587
899,0.39515916
900,0.398568
901,0.22590627
902,0.18940909
903,0.31914628
904,0.42463633
905,0.30407023
906,0.033156086
907,0.07768113
908,0.09197201
909,0.109354064
910,0.018307667
911,0.09450871
912,0.12835982
913,0.092768274
914,0.14705314
915,0.12816814
916,0.14583744
917,0.097082295
918,0.027494568
919,0.025242914
920,0.012874775
921,0.03065089
922,0.012703815
923,0.016159032
924,0.0014130257
925,0.20067555
926,0.3375866
927,0.22901075
928,0.3738661
929,0.29104546
930,0.3725984
931,0.09726378
932,0.28332442
933,0.18128218
934,0.27977228
935,0.13288169
936,0.32269883
937,0.22741672
938,0.32990912
939,0.15218203
940,0.19339806
941,0.18982416
942,0.29327673
943,0.074729115
944,0.073790625
945,0.07475108
946,0.08671455
947,0.06360588
948,0.1370026
949,0.09795755
950,0.144159
951,0.10286118
952,0.10362598
953,0.10893142
954,0.14779656
955,0.034790084
956,0.045736704
957,0.025604282
958,0.02561955
959,0.01548128
960,0.0132627105
961,0.008656359
962,0.18722422
963,0.20712444
964,0.21428749
965,0.22960907
966,0.16630554
967,0.17257176
968,0.12481647
969,0.23234835
970,0.21118717
971,0.21691136
972,0.19326293
973,0.24561708
974,0.20905524
975,0.22575867
976,0.10534277
977,0.15646881
978,0.12807299
979,0.12317624
980,0.13862099
981,0.15314312
982,0.15996945
983,0.17021403
984,0.11854742
985,0.1547686
986,0.099628136
987,0.09822375
988,0.10697191
989,0.09975613
990,0.104899086
991,0.078334205
992,0.023002049
993,0.026608301
994,0.04149011
995,0.03604551
996,0.034441654
997,0.031087575
998,0.014492424
999,0.09974689
1000,0.08725361
1001,0.14185694
1002,0.060826465
1003,0.09177112
1004,0.075188145
1005,0.055562645
1006,0.030824808
1007,0.063282795
1008,0.06219424
1009,0.06443387
1010,0.10783479
1011,0.07115025
1012,0.13137293
1013,0.05280794
1014,0.12995553
1015,0.07802149
1016,0.11259715
1017,0.06721999
1018,0.068669125
1019,0.070738025
1020,0.06889068
1021,0.0440605
1022,0.059493847
1023,0.028982861
1024,0.07619755
1025,0.06358431
1026,0.06330662
1027,0.052623503
1028,0.092210285
1029,0.011475627
1030,0.029142471
1031,0.017912667
1032,0.008087411
1033,0.0072772945
1034,0.007107494
1035,0.006013108
1036,0.071408354
1037,0.08328423
1038,0.062884435
1039,0.20538518
1040,0.07704269
1041,0.14181049
1042,0.096140996
1043,0.15222485
1044,0.22385195
1045,0.224836
1046,0.20920661
1047,0.22867735
1048,0.31408587
1049,0.24077697
1050,0.18544625
1051,0.17611834
1052,0.1193127
1053,0.059835676
1054,0.020154858
1055,0.06834088
1056,0.08917734
1057,0.05999182
1058,0.079335295
1059,0.11048878
1060,0.14038692
1061,0.14346705
1062,0.117644474
1063,0.11299991
1064,0.1297179
1065,0.09937711
1066,0.06397298
1067,0.06351086
1068,0.026516363
1069,0.027320448
1070,0.003963365
1071,0.013468608
1072,0.0025145889
1073,0.20475161
1074,0.20342529
1075,0.15622935
1076,0.23798344
1077,0.16311498
1078,0.2758746
1079,0.20508698
1080,0.2777679
1081,0.27326554
1082,0.3322109
1083,0.22671369
1084,0.2812035
1085,0.191098
1086,0.20027089
1087,0.08142597
1088,0.12882586
1089,0.10265555
1090,0.14333381
1091,0.07022052
1092,0.12504217
1093,0.1298061
1094,0.15464622
1095,0.09851073
1096,0.13545541
1097,0.11729058
1098,0.13491468
1099,0.08001285
1100,0.11585213
1101,0.115149766
1102,0.10175144
1103,0.042601462
1104,0.05811108
1105,0.053321
1106,0.061685096
1107,0.01883801
1108,0.017781215
1109,0.012705567
1110,0.2760175
1111,0.33257625
1112,0.34649527
1113,0.39558238
1114,0.29309705
1115,0.3701666
1116,0.25073227
1117,0.36574912
1118,0.37743694
1119,0.4019103
1120,0.2963558
1121,0.35670343
1122,0.27105892
1123,0.23739918
1124,0.11542118
1125,0.16445276
1126,0.15516096
1127,0.1512928
1128,0.05588455
1129,0.111034654
1130,0.13613716
1131,0.13436323
1132,0.09667976
1133,0.15817422
1134,0.18987161
1135,0.17877501
1136,0.075753376
1137,0.1253845
1138,0.1505343
1139,0.1376615
1140,0.06533345
1141,0.080984294
1142,0.08981492
1143,0.085352026
1144,0.024389926
1145,0.023097355
1146,0.013317644
1147,0.13061358
1148,0.14968123
1149,0.18256082
1150,0.16362412
1151,0.120876744
1152,0.16440105
1153,0.12189618
1154,0.12406217
1155,0.15289357
1156,0.16033417
1157,0.100368984
1158,0.10955076
1159,0.092430145
1160,0.14639717
1161,0.053843774
1162,0.11561164
1163,0.072578944
1164,0.09659182
1165,0.029926497
1166,0.06369032
1167,0.05068109
1168,0.06930268
1169,0.03970334
1170,0.059319768
1171,0.046041567
1172,0.08113829
1173,0.029923929
1174,0.03883682
1175,0.046368897
1176,0.059975505
1177,0.030663071
1178,0.026131995
1179,0.027231615
1180,0.027830096
1181,0.008665621
1182,0.007529864
1183,0.0063314885
1184,0.06786092
1185,0.051740013
1186,0.06046689
1187,0.09469387
1188,0.048838615
1189,0.077088214
1190,0.0100695975
1191,0.052625194
1192,0.037935562
1193,0.10553273
1194,0.046559744
1195,0.08765997
1196,0.027377918
1197,0.089852385
1198,0.037084688
1199,0.082524106
1200,0.011809619
1201,0.07276296
1202,0.039273813
1203,0.061464097
1204,0.044247434
1205,0.0898264
1206,0.054653477
1207,0.065678574
1208,0.0493676
1209,0.09492521
1210,0.012261992
1211,0.023485418
1212,0.016443335
1213,0.041024007
1214,0.007892234
1215,0.015681444
1216,0.014961519
1217,0.027593924
1218,0.0028472985
1219,0.004846162
1220,0.0013303665
1221,0.14543457
1222,0.22656398
1223,0.17758526
1224,0.28304854
1225,0.2346965
1226,0.2817344
1227,0.111911505
1228,0.19298631
1229,0.17435795
1230,0.2163242
1231,0.10569026
1232,0.19367382
1233,0.17089488
1234,0.2012934
1235,0.10276211
1236,0.16070192
1237,0.13417964
1238,0.15837945
1239,0.04280321
1240,0.083888486
1241,0.08300282
1242,0.09634047
1243,0.054927524
1244,0.09160552
1245,0.081761785
1246,0.10523676
1247,0.033993106
1248,0.07552079
1249,0.06699107
1250,0.07638751
1251,0.031193508
1252,0.04625208
1253,0.038760576
1254,0.04801617
1255,0.01086557
1256,0.011399066
1257,0.0053862752
1258,0.07531875
1259,0.095793605
1260,0.08907773
1261,0.18411748
1262,0.21728957
1263,0.22777465
1264,0.13284835
1265,0.18722133
1266,0.11154504
1267,0.18084711
1268,0.09633916
1269,0.13482043
1270,0.14794402
1271,0.1406798
1272,0.094087765
1273,0.15482368
1274,0.12776579
1275,0.13073434
1276,0.030859116
1277,0.05608412
1278,0.05799246
1279,0.06776796
1280,0.03285889
1281,0.047651704
1282,0.043904096
1283,0.05668858
1284,0.027026795
1285,0.040241055
1286,0.046261232
1287,0.047338985
1288,0.013621193
1289,0.018657312
1290,0.020917237
1291,0.01932126
1292,0.003604978
1293,0.0038996255
1294,0.002792994
1295,0.04240403
1296,0.079817176
1297,0.07430772
1298,0.13583146
1299,0.09958855
1300,0.12406435
1301,0.05653347
1302,0.11951205
1303,0.08147349
1304,0.15551642
1305,0.06377913
1306,0.10332212
1307,0.092469975
1308,0.112942524
1309,0.05384606
1310,0.103874914
1311,0.05847795
1312,0.07984549
1313,0.022617977
1314,0.03702492
1315,0.029531125
1316,0.050842848
1317,0.01717132
1318,0.034212667
1319,0.023696225
1320,0.029163083
1321,0.014405271
1322,0.027270954
1323,0.018382763
1324,0.023747478
1325,0.011718929
1326,0.012405184
1327,0.008329957
1328,0.010738045
1329,0.0021071064
1330,0.0013101331
1331,0.00151929
1332,0.034896225
1333,0.07443476
1334,0.06280917
1335,0.105619825
1336,0.035327565
1337,0.050635047
1338,0.057355992
1339,0.05866856
1340,0.05560492
1341,0.08231417
1342,0.030066311
1343,0.067759246
1344,0.057105973
1345,0.064283736
1346,0.04701281
1347,0.06541842
1348,0.07010264
1349,0.03888665
1350,0.024864797
1351,0.03481023
1352,0.028202802
1353,0.055810582
1354,0.035276067
1355,0.05264741
1356,0.024505392
1357,0.03482831
1358,0.016743347
1359,0.03168114
1360,0.013452564
1361,0.020075044
1362,0.009567239
1363,0.013124032
1364,0.009813294
1365,0.014002801
1366,0.0045888
1367,0.0036098226
1368,0.0026340475
1369,0.066535324
1370,0.10572049
1371,0.0940123
1372,0.15410285
1373,0.13353823
1374,0.1712657
1375,0.074958086
1376,0.13217014
1377,0.09534738
1378,0.1347366
1379,0.05997021
1380,0.091347165
1381,0.08148681
1382,0.091355115
1383,0.046282236
1384,0.09107396
1385,0.081697315
1386,0.10180995
1387,0.058920406
1388,0.073375374
1389,0.07327103
1390,0.13567558
1391,0.06493722
1392,0.11249989
1393,0.08767087
1394,0.105644144
1395,0.07024502
1396,0.10386073
1397,0.06550165
1398,0.078110434
1399,0.017217556
1400,0.019541604
1401,0.019918883
1402,0.026156629
1403,0.007849381
1404,0.008974706
1405,0.004266939
1406,0.065670826
1407,0.09764211
1408,0.1134859
1409,0.13929196
1410,0.11315892
1411,0.11559534
1412,0.06910931
1413,0.10237506
1414,0.10472291
1415,0.1289317
1416,0.09021515
1417,0.10766943
1418,0.08214962
1419,0.087046646
1420,0.052622214
1421,0.084926814
1422,0.0859191
1423,0.07754552
1424,0.04647735
1425,0.052106883
1426,0.057910644
1427,0.13286299
1428,0.065640815
1429,0.106034815
1430,0.093319826
1431,0.10245792
1432,0.0689631
1433,0.11726873
1434,0.0586457
1435,0.060065787
1436,0.01645446
1437,0.021226233
1438,0.011251155
1439,0.015499115
1440,0.012943435
1441,0.013228361
1442,0.007101699
1443,0.040246915
1444,0.055854138
1445,0.043897714
1446,0.07203694
1447,0.035165194
1448,0.058463056
1449,0.036019318
1450,0.0828022
1451,0.08177704
1452,0.18608527
1453,0.22743222
1454,0.24239969
1455,0.2712822
1456,0.2922212
1457,0.18535481
1458,0.22097415
1459,0.15259299
1460,0.18828845
1461,0.09814421
1462,0.104732044
1463,0.04850943
1464,0.0728276
1465,0.018327994
1466,0.048649002
1467,0.027740816
1468,0.042473055
1469,0.02727138
1470,0.04684237
1471,0.024323378
1472,0.039737634
1473,0.011869505
1474,0.00743973
1475,0.0073341024
1476,0.0027829814
1477,0.0055514625
1478,0.006785013
1479,0.0035390514
1480,0.04466446
1481,0.11086755
1482,0.09907204
1483,0.09228372
1484,0.017629903
1485,0.040545925
1486,0.05408129
1487,0.108535886
1488,0.08223545
1489,0.15070774
1490,0.11204577
1491,0.18743767
1492,0.11869635
1493,0.23520157
1494,0.1403657
1495,0.24821343
1496,0.17720143
1497,0.21297394
1498,0.091494195
1499,0.11911908
1500,0.093809046
1501,0.122901
1502,0.074249364
1503,0.1187475
1504,0.14998707
1505,0.13720347
1506,0.1475534
1507,0.15639044
1508,0.09889142
1509,0.084156424
1510,0.03594933
1511,0.03497539
1512,0.03432947
1513,0.02428292
1514,0.0024258213
1515,0.0023510526
1516,0.0017284286
1517,0.046696845
1518,0.08149163
1519,0.07304315
1520,0.12261812
1521,0.07348988
1522,0.08374251
1523,0.07279421
1524,0.14756387
1525,0.068386026
1526,0.1337724
1527,0.05913808
1528,0.13779068
1529,0.14193898
1530,0.20591559
1531,0.071542494
1532,0.15991886
1533,0.07829544
1534,0.16974632
1535,0.0716618
1536,0.12791346
1537,0.084704466
1538,0.13492598
1539,0.052729987
1540,0.07957037
1541,0.07063665
1542,0.055315435
1543,0.041312046
1544,0.0647049
1545,0.044903994
1546,0.05547382
1547,0.013231947
1548,0.022540864
1549,0.018755447
1550,0.02808288
1551,0.010960887
1552,0.011257205
1553,0.0058577475
1554,0.031803638
1555,0.06545319
1556,0.0760701
1557,0.08740335
1558,0.043070517
1559,0.029628327
1560,0.038279273
1561,0.15309422
1562,0.14745815
1563,0.23389547
1564,0.21813826
1565,0.31619802
1566,0.32446533
1567,0.46586478
1568,0.35488892
1569,0.4633949
1570,0.45203537
1571,0.43101552
1572,0.28431204
1573,0.27415088
1574,0.12467123
1575,0.07053945
1576,0.050278593
1577,0.07222798
1578,0.058606517
1579,0.058254473
1580,0.06297435
1581,0.088281706
1582,0.075937375
1583,0.07209468
1584,0.03436097
1585,0.039898574
1586,0.03599163
1587,0.033319112
1588,0.0059805308
1589,0.006109035
1590,0.0069706608
1591,0.09791434
1592,0.19716242
1593,0.18854564
1594,0.18904145
1595,0.09166112
1596,0.10472396
1597,0.099425554
1598,0.075915486
1599,0.02621722
1600,0.06925606
1601,0.04947102
1602,0.090991534
1603,0.06973099
1604,0.111048214
1605,0.09678493
1606,0.041007165
1607,0.12279097
1608,0.12272252
1609,0.12398952
1610,0.1921617
1611,0.15999347
1612,0.12458076
1613,0.07201999
1614,0.10676603
1615,0.11923507
1616,0.11563178
1617,0.036251947
1618,0.026274508
1619,0.038891375
1620,0.028262634
1621,0.004587536
1622,0.0048098913
1623,0.0020182657
1624,0.008283836
1625,0.006871504
1626,0.0052219965
1627,0.0047839624
1628,0.03412326
1629,0.056372404
1630,0.03554665
1631,0.05218639
1632,0.030204771
1633,0.023350082
1634,0.034255493
1635,0.082412004
1636,0.07746406
1637,0.09820977
1638,0.15165883
1639,0.15113658
1640,0.19466269
1641,0.17967185
1642,0.15286298
1643,0.14836852
1644,0.15068017
1645,0.13684815
1646,0.08337627
1647,0.08647649
1648,0.07946495
1649,0.085909784
1650,0.04092489
1651,0.06305116
1652,0.049742684
1653,0.054873154
1654,0.022050261
1655,0.030732041
1656,0.013460188
1657,0.027116096
1658,0.006577453
1659,0.0062241056
1660,0.0061390963
1661,0.0028394235
1662,0.007752588
1663,0.0049832207
1664,0.0009875492
1665,0.05512705
1666,0.15752123
1667,0.15260433
1668,0.17304426
1669,0.075690426
1670,0.09474347
1671,0.08960614
1672,0.068196625
1673,0.07597031
1674,0.10222474
1675,0.10669665
1676,0.10654698
1677,0.086805075
1678,0.09272669
1679,0.060330324
1680,0.07350119
1681,0.053241298
1682,0.074819125
1683,0.054461613
1684,0.078532286
1685,0.04666946
1686,0.0774881
1687,0.034956843
1688,0.060946807
1689,0.059569877
1690,0.061172694
1691,0.014414124
1692,0.020067617
1693,0.0219812
1694,0.026238073
1695,0.009125689
1696,0.011196394
1697,0.009306219
1698,0.01567106
1699,0.0031348148
1700,0.00521338
1701,0.0042868746
1702,0.10275885
1703,0.09837248
1704,0.11276194
1705,0.07934241
1706,0.1143694
1707,0.09614166
1708,0.050282035
1709,0.03854119
1710,0.040975466
1711,0.04653264
1712,0.026429478
1713,0.031647194
1714,0.040799867
1715,0.063489564
1716,0.025013208
1717,0.051150646
1718,0.057142865
1719,0.048591945
1720,0.0396951
1721,0.1004488
1722,0.11964062
1723,0.088018365
1724,0.06531832
1725,0.10371554
1726,0.11469408
1727,0.07890634
1728,0.03931487
1729,0.043306988
1730,0.040201094
1731,0.039313868
1732,0.013882468
1733,0.011044307
1734,0.004308693
1735,0.0058117444
1736,0.006135752
1737,0.0065810354
1738,0.007932798
1739,0.055274658
1740,0.07071052
1741,0.077095546
1742,0.110742025
1743,0.0613126
1744,0.06831727
1745,0.06593679
1746,0.064054795
1747,0.02522376
1748,0.026897611
1749,0.018831609
1750,0.043866828
1751,0.03778852
1752,0.058176454
1753,0.033056512
1754,0.023817902
1755,0.029774612
1756,0.039316412
1757,0.028619524
1758,0.05425951
1759,0.0073434697
1760,0.020481301
1761,0.016787045
1762,0.034501605
1763,0.023924569
1764,0.042024337
1765,0.042214576
1766,0.052922226
1767,0.056669332
1768,0.057103615
1769,0.04583624
1770,0.044322282
1771,0.016603997
1772,0.0177558
1773,0.0026035444
1774,0.0026897902
1775,0.0039726244
1776,0.045279346
1777,0.11469256
1778,0.09713523
1779,0.07359235
1780,0.062820256
1781,0.103072256
1782,0.07064773
1783,0.033817
1784,0.041976433
1785,0.0237519
1786,0.027806431
1787,0.056622773
1788,0.0666615
1789,0.07365797
1790,0.06358337
1791,0.06906252
1792,0.0701916
1793,0.055045824
1794,0.021106092
1795,0.028256258
1796,0.04120931
1797,0.06649733
1798,0.047672633
1799,0.053864945
1800,0.06405228
1801,0.06943412
1802,0.032989852
1803,0.03413575
1804,0.017419107
1805,0.045748323
1806,0.01673663
1807,0.018649114
1808,0.01375442
1809,0.0224183
1810,0.014418889
1811,0.016978607
1812,0.002485104
1813,0.0269869
1814,0.08832098
1815,0.0727334
1816,0.100407556
1817,0.028984938
1818,0.06338714
1819,0.055893213
1820,0.04955394
1821,0.04480475
1822,0.054089446
1823,0.02271842
1824,0.08727267
1825,0.104063086
1826,0.10194504
1827,0.06511525
1828,0.06867971
1829,0.068030745
1830,0.0837385
1831,0.04560246
1832,0.025381982
1833,0.035794172
1834,0.02600961
1835,0.04674823
1836,0.040477384
1837,0.046799213
1838,0.03135534
1839,0.029923983
1840,0.036059942
1841,0.022276705
1842,0.03162112
1843,0.031580213
1844,0.03412006
1845,0.02248355
1846,0.022625826
1847,0.008316389
1848,0.010096897
1849,0.006687527
1850,0.051510002
1851,0.048342276
1852,0.07939356
1853,0.03604859
1854,0.02664831
1855,0.05668652
1856,0.029054044
1857,0.10576151
1858,0.1437944
1859,0.13201053
1860,0.07313831
1861,0.20600435
1862,0.22578867
1863,0.21343546
1864,0.089029044
1865,0.14257142
1866,0.13805862
1867,0.13467169
1868,0.06136019
1869,0.071625665
1870,0.060426734
1871,0.059060294
1872,0.071099006
1873,0.08944481
1874,0.09543083
1875,0.07706163
1876,0.06804089
1877,0.08181795
1878,0.08346619
1879,0.072473474
1880,0.05645144
1881,0.048091523
1882,0.03657348
1883,0.028106483
1884,0.008436474
1885,0.011574226
1886,0.009797404
1887,0.050519563
1888,0.14716992
1889,0.11619907
1890,0.19375019
1891,0.16061078
1892,0.22954677
1893,0.12971205
1894,0.16785003
1895,0.04275921
1896,0.056952413
1897,0.011407654
1898,0.02777761
1899,0.019775763
1900,0.035757467
1901,0.023350522
1902,0.029526595
1903,0.015756428
1904,0.03379732
1905,0.031863917
1906,0.03912753
1907,0.024646152
1908,0.03821561
1909,0.05602181
1910,0.07108368
1911,0.07261509
1912,0.05844267
1913,0.026575165
1914,0.038655408
1915,0.045402575
1916,0.046682872
1917,0.030384297
1918,0.031009348
1919,0.021956079
1920,0.019857297
1921,0.0068052784
1922,0.007256457
1923,0.0024228175
1924,0.1824733
1925,0.4052654
1926,0.34324795
1927,0.4528507
1928,0.4316355
1929,0.53009146
1930,0.22472772
1931,0.2482582
1932,0.036113646
1933,0.06251401
1934,0.039698906
1935,0.08380555
1936,0.11359375
1937,0.06087119
1938,0.0696957
1939,0.108153865
1940,0.11720273
1941,0.07772332
1942,0.05554192
1943,0.09532309
1944,0.10060729
1945,0.14478451
1946,0.107503444
1947,0.12767892
1948,0.14844811
1949,0.13600986
1950,0.095525265
1951,0.10061887
1952,0.053439293
1953,0.043789163
1954,0.020601012
1955,0.018067827
1956,0.011182728
1957,0.015239194
1958,0.0038777555
1959,0.003980991
1960,0.002240721
1961,0.11791085
1962,0.2884318
1963,0.21266584
1964,0.30215165
1965,0.21812025
1966,0.26367733
1967,0.12934385
1968,0.20173508
1969,0.0848181
1970,0.095668405
1971,0.03706976
1972,0.10369321
1973,0.12751953
1974,0.14408039
1975,0.038733743
1976,0.066355444
1977,0.07392589
1978,0.11151034
1979,0.025968805
1980,0.038371734
1981,0.037845157
1982,0.037782956
1983,0.0117683755
1984,0.033295747
1985,0.024222277
1986,0.045464557
1987,0.028806478
1988,0.034343332
1989,0.019619673
1990,0.028657267
1991,0.013543103
1992,0.012261258
1993,0.007668746
1994,0.009363417
1995,0.003961145
1996,0.005125183
1997,0.0037415184
1998,0.06480132
1999,0.09461417
2000,0.11896812
2001,0.14528462
2002,0.10355757
2003,0.12089097
2004,0.13256828
2005,0.19115691
2006,0.07160337
2007,0.09335357
2008,0.06912834
2009,0.16750717
2010,0.18612812
2011,0.17221631
2012,0.082921624
2013,0.13250217
2014,0.11607958
2015,0.11779621
2016,0.032426342
2017,0.052362084
2018,0.066948846
2019,0.098131195
2020,0.087660305
2021,0.14878242
2022,0.15843686
2023,0.18080097
2024,0.13348727
2025,0.133423
2026,0.09323639
2027,0.113598384
2028,0.016001943
2029,0.015240878
2030,0.011524187
2031,0.011516634
2032,0.009743427
2033,0.010545979
2034,0.003625641
2035,0.076140076
2036,0.115144886
2037,0.060692277
2038,0.13430157
2039,0.058109414
2040,0.10200467
2041,0.06558159
2042,0.13068546
2043,0.05160875
2044,0.08949258
2045,0.036511943
2046,0.059768658
2047,0.027561571
2048,0.058433764
2049,0.026313372
2050,0.023149092
2051,0.020645125
2052,0.060002018
2053,0.036019716
2054,0.023798285
2055,0.024224663
2056,0.050913446
2057,0.040017847
2058,0.04943152
2059,0.026587378
2060,0.04905198
2061,0.021924201
2062,0.024394687
2063,0.029869214
2064,0.026738089
2065,0.018604983
2066,0.021737171
2067,0.019632364
2068,0.016343215
2069,0.0035505071
2070,0.0064533483
2071,0.001514734
2072,0.17616302
2073,0.16883892
2074,0.29614016
2075,0.23973136
2076,0.30573857
2077,0.15389118
2078,0.116095476
2079,0.13038822
2080,0.19519009
2081,0.07869131
2082,0.08514843
2083,0.05416387
2084,0.08794694
2085,0.059756268
2086,0.059063144
2087,0.15505452
2088,0.08440189
2089,0.2337594
2090,0.081252836
2091,0.13752161
2092,0.12995024
2093,0.22636917
2094,0.09137223
2095,0.119036615
2096,0.08656257
2097,0.12719999
2098,0.037639495
2099,0.079885565
2100,0.013776934
2101,0.07231971
2102,0.030297285
2103,0.030897275
2104,0.019970682
2105,0.066024385
2106,0.0028545829
2107,0.009209894
2108,0.0041637085
2109,0.15591039
2110,0.20111686
2111,0.102103725
2112,0.22396676
2113,0.22518001
2114,0.28125286
2115,0.07236199
2116,0.19404003
2117,0.25598758
2118,0.28533757
2119,0.1832125
2120,0.37136313
2121,0.4123543
2122,0.4427923
2123,0.112003595
2124,0.27243686
2125,0.27968892
2126,0.32329917
2127,0.09798436
2128,0.15874481
2129,0.17510249
2130,0.21727024
2131,0.07471339
2132,0.11594256
2133,0.10293483
2134,0.11294401
2135,0.05386792
2136,0.13464175
2137,0.12767409
2138,0.14991303
2139,0.07734841
2140,0.100808874
2141,0.11101375
2142,0.13056554
2143,0.029124266
2144,0.034840852
2145,0.010612901
2146,0.28001136
2147,0.26745114
2148,0.22452524
2149,0.45488888
2150,0.52314925
2151,0.607755
2152,0.221281
2153,0.5388218
2154,0.66048473
2155,0.6648408
2156,0.44766828
2157,0.6973465
2158,0.78066903
2159,0.7818879
2160,0.22987458
2161,0.43914104
2162,0.44853804
2163,0.46334517
2164,0.18450928
2165,0.19971032
2166,0.20911331
2167,0.2516353
2168,0.05735386
2169,0.08433113
2170,0.060766753
2171,0.058091875
2172,0.020019338
2173,0.118603535
2174,0.14194871
2175,0.14227934
2176,0.12896283
2177,0.1477897
2178,0.1631428
2179,0.17202741
2180,0.04509044
2181,0.047855742
2182,0.019315641
2183,0.13472575
2184,0.21157913
2185,0.1262457
2186,0.2681794
2187,0.2371582
2188,0.35371107
2189,0.088003546
2190,0.21107978
2191,0.23957033
2192,0.32022002
2193,0.1781692
2194,0.27229133
2195,0.23765865
2196,0.31163692
2197,0.07363121
2198,0.17214185
2199,0.14643043
2200,0.20842819
2201,0.0729031
2202,0.10156291
2203,0.09537581
2204,0.13901082
2205,0.011092613
2206,0.026659103
2207,0.018840723
2208,0.025505004
2209,0.015430328
2210,0.036092043
2211,0.03568152
2212,0.061996587
2213,0.043509074
2214,0.05194515
2215,0.05943929
2216,0.07629632
2217,0.015433494
2218,0.01821788
2219,0.006175137
2220,0.04428106
2221,0.0463177
2222,0.053622674
2223,0.17971398
2224,0.06932229
2225,0.23348565
2226,0.104394965
2227,0.20664608
2228,0.13661881
2229,0.2830209
2230,0.15885241
2231,0.17511675
2232,0.07792175
2233,0.17775269
2234,0.037255958
2235,0.13206661
2236,0.09518751
2237,0.12747008
2238,0.06856421
2239,0.12906061
2240,0.14564155
2241,0.12014083
2242,0.08783995
2243,0.08299029
2244,0.06264277
2245,0.07687994
2246,0.034635246
2247,0.05163805
2248,0.02807155
2249,0.05573012
2250,0.022646422
2251,0.043743655
2252,0.01797345
2253,0.034839753
2254,0.0056765587
2255,0.012510066
2256,0.002650778
2257,0.12935162
2258,0.13367431
2259,0.13354908
2260,0.25121087
2261,0.15449303
2262,0.22807741
2263,0.113732934
2264,0.1638416
2265,0.18636684
2266,0.214852
2267,0.15853329
2268,0.21698521
2269,0.20226921
2270,0.25880736
2271,0.081676364
2272,0.16053323
2273,0.1294911
2274,0.18934296
2275,0.05794173
2276,0.12712424
2277,0.11145077
2278,0.16561815
2279,0.06920387
2280,0.13150641
2281,0.11402039
2282,0.1546117
2283,0.05298174
2284,0.08286586
2285,0.07845221
2286,0.09565839
2287,0.042273972
2288,0.050641444
2289,0.064873755
2290,0.0873986
2291,0.016606778
2292,0.021772096
2293,0.008726924
2294,0.102931045
2295,0.15970363
2296,0.17050205
2297,0.22161241
2298,0.18661627
2299,0.18479323
2300,0.10777011
2301,0.18289852
2302,0.19804493
2303,0.18919417
2304,0.16504855
2305,0.15680969
2306,0.18485494
2307,0.22864802
2308,0.11672244
2309,0.17573638
2310,0.1706482
2311,0.18943219
2312,0.094210975
2313,0.13783462
2314,0.18578209
2315,0.22040091
2316,0.14097852
2317,0.21105286
2318,0.23475827
2319,0.25297382
2320,0.10922514
2321,0.13136907
2322,0.09708445
2323,0.10665163
2324,0.031654485
2325,0.039298896
2326,0.03530053
2327,0.037530705
2328,0.017807713
2329,0.016158545
2330,0.011541306
2331,0.040200856
2332,0.0832391
2333,0.05952848
2334,0.10831927
2335,0.12139741
2336,0.13633955
2337,0.086197555
2338,0.11204237
2339,0.13461274
2340,0.13407892
2341,0.06899693
2342,0.15797368
2343,0.15084824
2344,0.16862948
2345,0.118708536
2346,0.22557515
2347,0.22197933
2348,0.24882339
2349,0.094309285
2350,0.12016378
2351,0.14338775
2352,0.17335951
2353,0.069492936
2354,0.11139139
2355,0.10895313
2356,0.14145614
2357,0.06292635
2358,0.15878974
2359,0.14741068
2360,0.17071755
2361,0.045871146
2362,0.06928169
2363,0.06458443
2364,0.07352697
2365,0.008511524
2366,0.011453107
2367,0.005029105
2368,0.019492047
2369,0.040778358
2370,0.020678023
2371,0.191981
2372,0.13623838
2373,0.15192932
2374,0.10291421
2375,0.18233986
2376,0.12020469
2377,0.15307033
2378,0.05697274
2379,0.19301659
2380,0.15651539
2381,0.16677405
2382,0.075652726
2383,0.33581138
2384,0.2515178
2385,0.25280076
2386,0.11623694
2387,0.19235574
2388,0.11267699
2389,0.18508321
2390,0.03443604
2391,0.13755396
2392,0.090656996
2393,0.12245444
2394,0.056137335
2395,0.20840043
2396,0.14527665
2397,0.14921182
2398,0.05760203
2399,0.10383762
2400,0.052516475
2401,0.076385625
2402,0.012064982
2403,0.014565952
2404,0.004882873
2405,0.059575867
2406,0.089985505
2407,0.070444204
2408,0.13740909
2409,0.100992106
2410,0.13392632
2411,0.025193684
2412,0.10450211
2413,0.06277017
2414,0.11065763
2415,0.053300954
2416,0.11848468
2417,0.1303882
2418,0.16322842
2419,0.1274804
2420,0.121760726
2421,0.1275936
2422,0.16237046
2423,0.113458455
2424,0.08670071
2425,0.06636843
2426,0.12054885
2427,0.07059288
2428,0.100078784
2429,0.07282693
2430,0.11299744
2431,0.04631161
2432,0.06766552
2433,0.06875547
2434,0.10626714
2435,0.077466145
2436,0.059482902
2437,0.046363942
2438,0.086338386
2439,0.019716587
2440,0.022210235
2441,0.010592595
2442,0.026213875
2443,0.05046919
2444,0.045999207
2445,0.114056274
2446,0.11927482
2447,0.11541747
2448,0.13339558
2449,0.10965899
2450,0.11992927
2451,0.08910286
2452,0.026750876
2453,0.093271114
2454,0.06334918
2455,0.0773811
2456,0.10507848
2457,0.23469916
2458,0.29222316
2459,0.28319585
2460,0.24508747
2461,0.21546961
2462,0.23185858
2463,0.17934918
2464,0.026068518
2465,0.06467538
2466,0.08380812
2467,0.0686214
2468,0.09726855
2469,0.21713115
2470,0.2550942
2471,0.25449833
2472,0.18876377
2473,0.17313418
2474,0.17841266
2475,0.16620561
2476,0.028579636
2477,0.02747021
2478,0.01268009
2479,0.013345465
2480,0.021148818
2481,0.01651954
2482,0.032799065
2483,0.038729127
2484,0.049152087
2485,0.050737116
2486,0.04509696
2487,0.048243117
2488,0.065151215
2489,0.028209692
2490,0.0775978
2491,0.11609233
2492,0.115834005
2493,0.098495655
2494,0.07120522
2495,0.11172134
2496,0.12087512
2497,0.11246597
2498,0.042734846
2499,0.072527975
2500,0.09419396
2501,0.015751146
2502,0.035674922
2503,0.035454053
2504,0.039419483
2505,0.04505391
2506,0.022853896
2507,0.036694344
2508,0.044592287
2509,0.08274495
2510,0.033677742
2511,0.03227573
2512,0.043123007
2513,0.013842313
2514,0.013987981
2515,0.0066486727
2516,0.019084947
2517,0.029443461
2518,0.01865839
2519,0.068068914
2520,0.047799274
2521,0.026600314
2522,0.05119407
2523,0.04278601
2524,0.047935963
2525,0.03272078
2526,0.05178903
2527,0.07788928
2528,0.10549746
2529,0.1010476
2530,0.09718571
2531,0.08059847
2532,0.11750106
2533,0.10161931
2534,0.08148914
2535,0.03339262
2536,0.06562258
2537,0.047679365
2538,0.03327485
2539,0.021400824
2540,0.018959885
2541,0.029274626
2542,0.047282223
2543,0.03760986
2544,0.07526347
2545,0.027975691
2546,0.041968357
2547,0.032463443
2548,0.06313049
2549,0.042315204
2550,0.0070361826
2551,0.010369871
2552,0.0031481304
2553,0.014537478
2554,0.030755607
2555,0.030577933
2556,0.058677465
2557,0.017879888
2558,0.022816883
2559,0.04102201
2560,0.034999028
2561,0.027902579
2562,0.023195611
2563,0.032227013
2564,0.025673186
2565,0.043090243
2566,0.03841372
2567,0.051677387
2568,0.0384046
2569,0.019966926
2570,0.043266058
2571,0.08027388
2572,0.06855414
2573,0.037374772
2574,0.07013365
2575,0.023748193
2576,0.028316027
2577,0.01957364
2578,0.023786193
2579,0.021937115
2580,0.041308288
2581,0.032072652
2582,0.05979929
2583,0.032582935
2584,0.022873605
2585,0.030764326
2586,0.066328526
2587,0.016128734
2588,0.018181078
2589,0.007016727
2590,0.021729965
2591,0.029969597
2592,0.033261977
2593,0.029057816
2594,0.012092242
2595,0.015231553
2596,0.009272174
2597,0.019088062
2598,0.013029187
2599,0.021956652
2600,0.024506954
2601,0.041335978
2602,0.055458527
2603,0.054516945
2604,0.037476677
2605,0.06804599
2606,0.068482414
2607,0.057919584
2608,0.018647134
2609,0.023352647
2610,0.029174471
2611,0.038231388
2612,0.018779851
2613,0.030203192
2614,0.040318724
2615,0.039011452
2616,0.030975811
2617,0.036174875
2618,0.040898323
2619,0.04616527
2620,0.027887948
2621,0.033809617
2622,0.037961338
2623,0.04051013
2624,0.013878455
2625,0.014841263
2626,0.0057390705
2627,0.009825926
2628,0.01998691
2629,0.019697342
2630,0.030662067
2631,0.010938084
2632,0.024626466
2633,0.024833012
2634,0.028169747
2635,0.018520128
2636,0.02518882
2637,0.016914828
2638,0.043132547
2639,0.03129266
2640,0.04120001
2641,0.01921584
2642,0.022991173
2643,0.023198454
2644,0.03107864
2645,0.02765969
2646,0.034157004
2647,0.029439257
2648,0.017287655
2649,0.029130861
2650,0.019840438
2651,0.013901145
2652,0.010223845
2653,0.010510127
2654,0.01777111
2655,0.016441228
2656,0.021882214
2657,0.015322884
2658,0.016193531
2659,0.01838321
2660,0.023735916
2661,0.004702681
2662,0.0048466846
2663,0.0009905868
2664,0.01508557
2665,0.016504174
2666,0.01779567
2667,0.024502425
2668,0.024398647
2669,0.010125278
2670,0.021252526
2671,0.037738077
2672,0.03919349
2673,0.03138672
2674,0.01962121
2675,0.064038806
2676,0.07399948
2677,0.052642684
2678,0.039815508
2679,0.06688218
2680,0.06874155
2681,0.060146946
2682,0.0364364
2683,0.049750287
2684,0.045915797
2685,0.03784381
2686,0.01557665
2687,0.031550735
2688,0.02208569
2689,0.019760367
2690,0.010920109
2691,0.021766506
2692,0.022861166
2693,0.029500917
2694,0.021135354
2695,0.027745636
2696,0.016908558
2697,0.02575734
2698,0.00396109
2699,0.0062736347
2700,0.0011982629
2701,0.02124215
2702,0.028333899
2703,0.023908122
2704,0.020538405
2705,0.010348836
2706,0.020946572
2707,0.010003415
2708,0.01955128
2709,0.022643156
2710,0.019317692
2711,0.015665457
2712,0.030606851
2713,0.024256751
2714,0.032146346
2715,0.023087341
2716,0.03570839
2717,0.03826426
2718,0.050008014
2719,0.016958496
2720,0.02691374
2721,0.027287731
2722,0.030040719
2723,0.017299738
2724,0.024041746
2725,0.025270296
2726,0.036371123
2727,0.016236734
2728,0.02148303
2729,0.026364917
2730,0.036230754
2731,0.01583363
2732,0.015012525
2733,0.015547895
2734,0.016533358
2735,0.0072827893
2736,0.009154725
2737,0.0031819362
2738,0.022552142
2739,0.021328673
2740,0.021645464
2741,0.013759116
2742,0.019130062
2743,0.020842887
2744,0.022222618
2745,0.01578807
2746,0.02396361
2747,0.013685872
2748,0.021119967
2749,0.02988935
2750,0.035192214
2751,0.04180228
2752,0.018145246
2753,0.017083874
2754,0.016421732
2755,0.016933335
2756,0.024590617
2757,0.026526967
2758,0.030884955
2759,0.023691993
2760,0.024968341
2761,0.028969377
2762,0.03663592
2763,0.038261097
2764,0.018781768
2765,0.015988039
2766,0.021375732
2767,0.023557756
2768,0.025811858
2769,0.02341089
2770,0.023327217
2771,0.021157268
2772,0.004637728
2773,0.0041026385
2774,0.0021951816
2775,0.013115308
2776,0.011174557
2777,0.020748306
2778,0.011533144
2779,0.017023128
2780,0.016757848
2781,0.015513302
2782,0.013304062
2783,0.023876736
2784,0.025721116
2785,0.02290614
2786,0.03612336
2787,0.0355426
2788,0.03738084
2789,0.031615954
2790,0.051485382
2791,0.057956897
2792,0.049583152
2793,0.018490866
2794,0.03785108
2795,0.045784295
2796,0.068064734
2797,0.042367175
2798,0.046881292
2799,0.04237572
2800,0.052292198
2801,0.034280136
2802,0.043134082
2803,0.017409597
2804,0.020582056
2805,0.016350502
2806,0.014606707
2807,0.01716462
2808,0.01936385
2809,0.0018200985
2810,0.0023866745
2811,0.0012497249
2812,0.014765559
2813,0.015898146
2814,0.024275223
2815,0.012498015
2816,0.012262183
2817,0.005858248
2818,0.003460138
2819,0.024790153
2820,0.0047067655
2821,0.009372749
2822,0.020255465
2823,0.034045037
2824,0.028731769
2825,0.018913705
2826,0.019238358
2827,0.05006852
2828,0.040039472
2829,0.031645447
2830,0.029782433
2831,0.057442475
2832,0.049301516
2833,0.08080137
2834,0.06213815
2835,0.052913256
2836,0.03193078
2837,0.053188477
2838,0.026313465
2839,0.04467484
2840,0.012207622
2841,0.006474776
2842,0.007255339
2843,0.01840263
2844,0.016347744
2845,0.010181402
2846,0.00096619944
2847,0.001309723
2848,0.0012801707
2849,0.037020784
2850,0.056925546
2851,0.03906932
2852,0.07689006
2853,0.07774048
2854,0.08182401
2855,0.03175776
2856,0.0468454
2857,0.05451952
2858,0.055068605
2859,0.01612365
2860,0.039516207
2861,0.031876802
2862,0.040368132
2863,0.024315553
2864,0.036235176
2865,0.03034391
2866,0.0346197
2867,0.041522186
2868,0.03498172
2869,0.02955379
2870,0.0189764
2871,0.020939881
2872,0.015273009
2873,0.021254411
2874,0.013697913
2875,0.006809124
2876,0.023731742
2877,0.004053521
2878,0.0042302776
2879,0.0070216195
2880,0.006845224
2881,0.0058783917
2882,0.007746709
2883,0.0031519444
2884,0.0036542313
2885,0.0019083875
2886,0.04894632
2887,0.06624931
2888,0.06731843
2889,0.13279797
2890,0.17866921
2891,0.17683642
2892,0.08026775
2893,0.11992632
2894,0.114934504
2895,0.11347617
2896,0.044377524
2897,0.12540151
2898,0.13987578
2899,0.14025196
2900,0.094605215
2901,0.15619843
2902,0.16354641
2903,0.17799361
2904,0.09945462
2905,0.13183257
2906,0.13720563
2907,0.18779245
2908,0.12106415
2909,0.13757485
2910,0.12839493
2911,0.12394088
2912,0.07892156
2913,0.09058613
2914,0.02803752
2915,0.03581209
2916,0.017479202
2917,0.017858425
2918,0.017708478
2919,0.020371893
2920,0.0036060687
2921,0.004849625
2922,0.001649788
2923,0.047361117
2924,0.045935575
2925,0.040695988
2926,0.05281435
2927,0.052439496
2928,0.07876609
2929,0.04036611
2930,0.058709897
2931,0.03236408
2932,0.045995247
2933,0.020588892
2934,0.012456323
2935,0.017986167
2936,0.02430838
2937,0.023549119
2938,0.024158346
2939,0.031523205
2940,0.03127842
2941,0.03365649
2942,0.024904547
2943,0.02580191
2944,0.025352595
2945,0.03155884
2946,0.028709847
2947,0.03643525
2948,0.028500486
2949,0.01685812
2950,0.013752236
2951,0.010870698
2952,0.016019028
2953,0.013024853
2954,0.012694596
2955,0.011837953
2956,0.01188298
2957,0.005113862
2958,0.006615982
2959,0.0019140275
2960,0.04793757
2961,0.035939205
2962,0.049095795
2963,0.05398408
2964,0.03382698
2965,0.038935836
2966,0.013904749
2967,0.056538984
2968,0.0032617191
2969,0.051008694
2970,0.025966786
2971,0.019144593
2972,0.040326685
2973,0.013013172
2974,0.027214635
2975,0.03169307
2976,0.065992825
2977,0.0059185596
2978,0.032154385
2979,0.017520523
2980,0.017457895
2981,0.05825237
2982,0.03686964
2983,0.06230112
2984,0.047292825
2985,0.063304424
2986,0.009210288
2987,0.02609408
2988,0.020520866
2989,0.051194776
2990,0.018287558
2991,0.02165839
2992,0.022117412
2993,0.033208758
2994,0.015466004
2995,0.018947225
2996,0.005075449
2997,0.043471977
2998,0.063953556
2999,0.04126547
3000,0.10691993
3001,0.094069235
3002,0.11465276
3003,0.057778236
3004,0.09545919
3005,0.06760325
3006,0.09067727
3007,0.039090164
3008,0.053496223
3009,0.05858858
3010,0.07202928
3011,0.04342689
3012,0.08043624
3013,0.07646909
3014,0.09268121
3015,0.042226836
3016,0.10027517
3017,0.105372705
3018,0.12553689
3019,0.086018525
3020,0.17137837
3021,0.1667444
3022,0.18139005
3023,0.06998717
3024,0.092397824
3025,0.073884815
3026,0.10080985
3027,0.02731477
3028,0.03305945
3029,0.031434372
3030,0.040169813
3031,0.018906783
3032,0.0221036
3033,0.0038472705
3034,0.09195087
3035,0.09213135
3036,0.054213732
3037,0.13975263
3038,0.1651655
3039,0.20034742
3040,0.051932603
3041,0.07990809
3042,0.07567762
3043,0.10610238
3044,0.049820513
3045,0.09946514
3046,0.11451606
3047,0.117185615
3048,0.081814684
3049,0.10670161
3050,0.108591884
3051,0.115600936
3052,0.024920221
3053,0.10810832
3054,0.10547384
3055,0.10199444
3056,0.073190115
3057,0.19187936
3058,0.15543452
3059,0.14296737
3060,0.06449591
3061,0.10405626
3062,0.08482234
3063,0.12091813
3064,0.0462588
3065,0.046695177
3066,0.04817993
3067,0.057276856
3068,0.020748245
3069,0.023431867
3070,0.00411761
3071,0.05057882
3072,0.13205563
3073,0.09001715
3074,0.21038185
3075,0.18392798
3076,0.22953065
3077,0.11507028
3078,0.19904521
3079,0.1348707
3080,0.16928814
3081,0.05757016
3082,0.12653019
3083,0.12500277
3084,0.14558324
3085,0.05919749
3086,0.08335639
3087,0.06799843
3088,0.08325529
3089,0.020483477
3090,0.03576081
3091,0.03347794
3092,0.053190682
3093,0.01806532
3094,0.03526678
3095,0.035562325
3096,0.05038673
3097,0.022658769
3098,0.019411791
3099,0.029689051
3100,0.042619582
3101,0.021323092
3102,0.026474528
3103,0.022494242
3104,0.030912453
3105,0.012791376
3106,0.014468662
3107,0.0030269222
3108,0.065379344
3109,0.111587025
3110,0.1302129
3111,0.20229085
3112,0.13988489
3113,0.1733673
3114,0.12440029
3115,0.2520372
3116,0.14518875
3117,0.15038443
3118,0.06696804
3119,0.1759391
3120,0.12403205
3121,0.12963748
3122,0.07279966
3123,0.09654969
3124,0.044944026
3125,0.071908765
3126,0.0027726474
3127,0.051155567
3128,0.07560108
3129,0.06919517
3130,0.08976407
3131,0.14708075
3132,0.17287865
3133,0.16657133
3134,0.10560239
3135,0.08160112
3136,0.0866683
3137,0.07879161
3138,0.0054512913
3139,0.0016514087
3140,0.010424596
3141,0.00708927
3142,0.016929707
3143,0.01425618
3144,0.0018949397
3145,0.03684761
3146,0.048645657
3147,0.06242201
3148,0.054991562
3149,0.030407954
3150,0.048988707
3151,0.012902733
3152,0.060157828
3153,0.040154614
3154,0.06883161
3155,0.015533206
3156,0.02571507
3157,0.026037317
3158,0.043546747
3159,0.023408333
3160,0.026562747
3161,0.023362933
3162,0.030784454
3163,0.0073099784
3164,0.020725021
3165,0.0122317625
3166,0.017782528
3167,0.0151323015
3168,0.029245049
3169,0.02417911
3170,0.030795142
3171,0.02640803
3172,0.011705391
3173,0.031861667
3174,0.04546292
3175,0.005036636
3176,0.005857729
3177,0.00616572
3178,0.008171401
3179,0.004252413
3180,0.0061376104
3181,0.0019193767
3182,0.017231915
3183,0.083304845
3184,0.10726944
3185,0.19535072
3186,0.20304693
3187,0.18042418
3188,0.21779732
3189,0.30731493
3190,0.24714006
3191,0.24091913
3192,0.13491146
3193,0.20021428
3194,0.21711673
3195,0.2213723
3196,0.10809781
3197,0.10942379
3198,0.11215433
3199,0.11058523
3200,0.016282935
3201,0.015668184
3202,0.012700699
3203,0.01043439
3204,0.016809773
3205,0.034734845
3206,0.042709805
3207,0.010336946
3208,0.024307624
3209,0.008148958
3210,0.013998022
3211,0.02501378
3212,0.02630155
3213,0.030788448
3214,0.034054585
3215,0.026955057
3216,0.006301992
3217,0.01076435
3218,0.002570177
3219,0.029054275
3220,0.04884797
3221,0.02865258
3222,0.048460037
3223,0.05107396
3224,0.06728614
3225,0.059202652
3226,0.04724875
3227,0.043672748
3228,0.051691636
3229,0.040354505
3230,0.022702565
3231,0.03381827
3232,0.03120828
3233,0.028147716
3234,0.009240115
3235,0.019077815
3236,0.022453405
3237,0.008292964
3238,0.029090734
3239,0.018130044
3240,0.021937825
3241,0.026589705
3242,0.03947314
3243,0.032028284
3244,0.046751067
3245,0.035782278
3246,0.034485467
3247,0.021578273
3248,0.043678395
3249,0.0054822215
3250,0.0055145086
3251,0.007871368
3252,0.004366707
3253,0.004581593
3254,0.008612913
3255,0.0013803634
3256,0.010998397
3257,0.0138126435
3258,0.009501904
3259,0.035958286
3260,0.03794276
3261,0.02113634
3262,0.033309825
3263,0.08900988
3264,0.09319755
3265,0.03348989
3266,0.024414692
3267,0.061547834
3268,0.08080113
3269,0.028148325
3270,0.025671214
3271,0.02723786
3272,0.054307394
3273,0.026782315
3274,0.010142264
3275,0.0136415865
3276,0.010753648
3277,0.00734695
3278,0.004496521
3279,0.00930265
3280,0.010644807
3281,0.009059732
3282,0.007095011
3283,0.008784982
3284,0.012150824
3285,0.0085247755
3286,0.0066438625
3287,0.0044404394
3288,0.006305619
3289,0.0049168267
3290,0.0048955483
3291,0.00078072347
3292,0.0
3293,0.006115022
3294,0.020276187
3295,0.015182061
3296,0.04707118
3297,0.048112396
3298,0.054559205
3299,0.065272346
3300,0.07317615
3301,0.047380455
3302,0.053248666
3303,0.039261438
3304,0.04602134
3305,0.042018514
3306,0.052604765
3307,0.033251513
3308,0.040425748
3309,0.03329323
3310,0.037251275
3311,0.010960416
3312,0.023363665
3313,0.017690105
3314,0.024796093
3315,0.014074148
3316,0.022362566
3317,0.0218202
3318,0.025731983
3319,0.014070033
3320,0.01122213
3321,0.009309296
3322,0.0125572765
3323,0.0106210755
3324,0.013527836
3325,0.014302348
3326,0.016302876
3327,0.005610933
3328,0.0069746785
3329,0.002221175
3330,0.008719875
3331,0.008793629
3332,0.009718561
3333,0.01869803
3334,0.021301625
3335,0.022697559
3336,0.013609316
3337,0.021163937
3338,0.027489003
3339,0.027490737
3340,0.011617175
3341,0.0202935
3342,0.017144592
3343,0.02099851
3344,0.010267078
3345,0.027857954
3346,0.03367201
3347,0.032224983
3348,0.022906398
3349,0.031955343
3350,0.035893906
3351,0.035593078
3352,0.0061082146
3353,0.010060767
3354,0.0108384695
3355,0.013956852
3356,0.0065884446
3357,0.008774326
3358,0.012799528
3359,0.013697019
3360,0.008933924
3361,0.01069478
3362,0.009759813
3363,0.010671079
3364,0.005137944
3365,0.0048020445
3366,0.003344582
3367,0.006226523
3368,0.005194732
3369,0.0047197677
3370,0.0070961053
3371,0.0062232143
3372,0.008069238
3373,0.0061454214
3374,0.014296505
3375,0.014864517
3376,0.022003079
3377,0.009052434
3378,0.013352749
3379,0.010345033
3380,0.014238172
3381,0.0033599422
3382,0.008703867
3383,0.010799087
3384,0.009974022
3385,0.0077269473
3386,0.009638112
3387,0.010930943
3388,0.013011039
3389,0.0030918233
3390,0.0067609646
3391,0.007000435
3392,0.009457447
3393,0.0037868365
3394,0.00589582
3395,0.0057362993
3396,0.005975188
3397,0.003105079
3398,0.00320923
3399,0.0033292572
3400,0.0045790253
3401,0.0016727083
3402,0.0016214356
3403,0.0017928679
3404,0.0045334133
3405,0.003215042
3406,0.0046097464
3407,0.009372761
3408,0.0064835846
3409,0.011298128
3410,0.012908293
3411,0.014169227
3412,0.012480451
3413,0.017834812
3414,0.0069862227
3415,0.011306376
3416,0.006154973
3417,0.0090546785
3418,0.0059126266
3419,0.0016592997
3420,0.0051578837
3421,0.0074724755
3422,0.0061635897
3423,0.009644539
3424,0.012335014
3425,0.015176599
3426,0.01098998
3427,0.013788958
3428,0.016010676
3429,0.014550917
3430,0.008619886
3431,0.010354564
3432,0.0074202586
3433,0.010311745
3434,0.0030148022
3435,0.004137831
3436,0.0023065987
3437,0.004896968
3438,0.00028291217
3439,0.00039711135
3440,0.00024721186
3441,0.007675607
3442,0.009669518
3443,0.009335622
3444,0.01269821
3445,0.010939471
3446,0.0121236015
3447,0.008021824
3448,0.0081734415
3449,0.0065932036
3450,0.011221023
3451,0.0026082138
3452,0.008503671
3453,0.011301655
3454,0.010266803
3455,0.008312614
3456,0.015505855
3457,0.016732631
3458,0.016363997
3459,0.012774814
3460,0.019819194
3461,0.014167467
3462,0.020793602
3463,0.007683439
3464,0.010613451
3465,0.010317262
3466,0.013335583
3467,0.006014932
3468,0.009189275
3469,0.007976254
3470,0.00642648
3471,0.0033137484
3472,0.0055106645
3473,0.00408347
3474,0.005962556
3475,0.0024058004
3476,0.0027344623
3477,0.0016692053
3478,0.009334923
3479,0.012190182
3480,0.014092282
3481,0.014764987
3482,0.012702726
3483,0.010186129
3484,0.0099762175
3485,0.005311884
3486,0.0067697098
3487,0.008255666
3488,0.0059754867
3489,0.009037291
3490,0.0074363165
3491,0.009534851
3492,0.005714478
3493,0.008751046
3494,0.011769206
3495,0.009695746
3496,0.003591118
3497,0.0044027017
3498,0.007404894
3499,0.0036263466
3500,0.0025431532
3501,0.0029465416
3502,0.006166821
3503,0.0024521837
3504,0.0053188126
3505,0.0033256556
3506,0.0024255838
3507,0.001837239
3508,0.004598413
3509,0.004880083
3510,0.002949815
3511,0.0029800688
3512,0.0016276917
3513,0.0016585701
3514,0.00080769195
3515,0.00548558
3516,0.0055595604
3517,0.006304086
3518,0.008265682
3519,0.0075637493
3520,0.007851273
3521,0.0077708797
3522,0.008157871
3523,0.006548614
3524,0.008523888
3525,0.0066923783
3526,0.008149067
3527,0.0038456086
3528,0.0062070526
3529,0.0034388648
3530,0.009184485
3531,0.008452762
3532,0.011863011
3533,0.012901512
3534,0.012450923
3535,0.011068784
3536,0.01209628
3537,0.005362898
3538,0.015142761
3539,0.017181639
3540,0.018789878
3541,0.008080345
3542,0.008571993
3543,0.005142668
3544,0.0065272213
3545,0.0045583798
3546,0.003349953
3547,0.0028300316
3548,0.0036945727
3549,0.0012826899
3550,0.0015468615
3551,0.0011293024
3552,0.0029805403
3553,0.00605728
3554,0.0053939307
3555,0.0063325143
3556,0.007875134
3557,0.011991498
3558,0.009006122
3559,0.015568052
3560,0.013796867
3561,0.017642973
3562,0.009580555
3563,0.021882597
3564,0.012223903
3565,0.015635835
3566,0.004012277
3567,0.013415682
3568,0.009292848
3569,0.0115119675
3570,0.004718914
3571,0.021636141
3572,0.022659726
3573,0.028613599
3574,0.015921038
3575,0.038615637
3576,0.037467703
3577,0.03824348
3578,0.017739508
3579,0.025966538
3580,0.012230922
3581,0.015787072
3582,0.0029068359
3583,0.00245864
3584,0.0027711757
3585,0.0039403858
3586,0.0013924656
3587,0.0019218021
3588,0.0010416259
3589,0.002031508
3590,0.0038461084
3591,0.003091681
3592,0.0026960066
3593,0.0062069297
3594,0.010901079
3595,0.009687798
3596,0.01561137
3597,0.0144381365
3598,0.015512805
3599,0.012049354
3600,0.018907953
3601,0.012431624
3602,0.016300188
3603,0.006309328
3604,0.0074666184
3605,0.0085580135
3606,0.00966929
3607,0.0068167862
3608,0.016645687
3609,0.01647111
3610,0.021391843
3611,0.009245567
3612,0.016249647
3613,0.014815093
3614,0.01757722
3615,0.0046312218
3616,0.00986056
3617,0.0103341965
3618,0.012510689
3619,0.006683623
3620,0.0076954667
3621,0.0093868645
3622,0.011733577
3623,0.0031533944
3624,0.0037884563
3625,0.0014759218
3626,0.0072972733
3627,0.013337879
3628,0.01543236
3629,0.01491813
3630,0.0118622165
3631,0.017955653
3632,0.013128528
3633,0.026841324
3634,0.023530863
3635,0.024574202
3636,0.023523165
3637,0.034129772
3638,0.033410467
3639,0.034265496
3640,0.016843468
3641,0.024005195
3642,0.027350236
3643,0.027307801
3644,0.010180076
3645,0.014565404
3646,0.015344912
3647,0.021557514
3648,0.007831336
3649,0.010444526
3650,0.008366296
3651,0.013014112
3652,0.014571692
3653,0.01643439
3654,0.018180072
3655,0.019639704
3656,0.012160269
3657,0.017076923
3658,0.019573549
3659,0.01892105
3660,0.0074858344
3661,0.007643628
3662,0.003419098
3663,0.007732151
3664,0.008849238
3665,0.009419871
3666,0.009313014
3667,0.0067191957
3668,0.012825692
3669,0.00859291
3670,0.013315166
3671,0.009349725
3672,0.00992063
3673,0.0083730295
3674,0.008908337
3675,0.011397171
3676,0.014441026
3677,0.009327586
3678,0.006853763
3679,0.0074152867
3680,0.0074425368
3681,0.004262318
3682,0.003718876
3683,0.0048778662
3684,0.012456591
3685,0.013288841
3686,0.011555291
3687,0.009764736
3688,0.018384488
3689,0.017870016
3690,0.018353207
3691,0.0124133285
3692,0.015529719
3693,0.013174329
3694,0.015621969
3695,0.010546194
3696,0.012613779
3697,0.007216346
3698,0.007371032
3699,0.0040465468
3700,0.004389104
3701,0.008475712
3702,0.009551926
3703,0.011848175
3704,0.004606755
3705,0.012222398
3706,0.008645059
3707,0.016528873
3708,0.010444007
3709,0.01173249
3710,0.010300009
3711,0.027256321
3712,0.014619809
3713,0.023802683
3714,0.009529234
3715,0.017590629
3716,0.014536268
3717,0.02376956
3718,0.008105929
3719,0.017102689
3720,0.017221767
3721,0.033583846
3722,0.024182258
3723,0.028133923
3724,0.030688293
3725,0.044898245
3726,0.028545456
3727,0.029906105
3728,0.014655747
3729,0.0240835
3730,0.018035203
3731,0.019878421
3732,0.012787538
3733,0.017624509
3734,0.008058667
3735,0.008679183
3736,0.0042817607
3737,0.013876785
3738,0.015690684
3739,0.015576532
3740,0.024119304
3741,0.013765536
3742,0.025944656
3743,0.022827238
3744,0.042783108
3745,0.039957203
3746,0.043109726
3747,0.027104145
3748,0.050274063
3749,0.039096124
3750,0.04427183
3751,0.016504811
3752,0.03293495
3753,0.031569704
3754,0.036017306
3755,0.0115827015
3756,0.024133397
3757,0.02493137
3758,0.03055577
3759,0.014066379
3760,0.02046844
3761,0.023606362
3762,0.026937876
3763,0.012615985
3764,0.024302647
3765,0.019061478
3766,0.019509943
3767,0.011522691
3768,0.016979035
3769,0.012047942
3770,0.015524376
3771,0.0074808183
3772,0.007412975
3773,0.004879745
3774,0.011067754
3775,0.013241121
3776,0.012592812
3777,0.022991959
3778,0.015656078
3779,0.028104281
3780,0.027116429
3781,0.05372893
3782,0.056444623
3783,0.057595838
3784,0.0424548
3785,0.06670686
3786,0.055507977
3787,0.05094318
3788,0.020309282
3789,0.03864008
3790,0.043199867
3791,0.038718518
3792,0.014104773
3793,0.036158808
3794,0.036646374
3795,0.041115806
3796,0.026014714
3797,0.03298475
3798,0.033087708
3799,0.03612013
3800,0.00933
3801,0.02368915
3802,0.021975426
3803,0.02412329
3804,0.017597442
3805,0.01921088
3806,0.017246114
3807,0.017917527
3808,0.0031959491
3809,0.0035442382
3810,0.002421457
3811,0.007955746
3812,0.007815874
3813,0.0057331473
3814,0.00979458
3815,0.005117823
3816,0.010112338
3817,0.013247802
3818,0.02667596
3819,0.02913829
3820,0.030397853
3821,0.021494145
3822,0.03646581
3823,0.023640143
3824,0.025938319
3825,0.011996653
3826,0.017152516
3827,0.017064005
3828,0.017282171
3829,0.004979549
3830,0.021373745
3831,0.0144730965
3832,0.022009794
3833,0.008973994
3834,0.021772511
3835,0.016472565
3836,0.020690551
3837,0.013212936
3838,0.021059962
3839,0.008180965
3840,0.008956801
3841,0.005463089
3842,0.007569846
3843,0.0051367534
3844,0.006027087
3845,0.0042175557
3846,0.004225282
3847,0.002608238
3848,0.0037554286
3849,0.00692532
3850,0.005875871
3851,0.009815914
3852,0.0037236772
3853,0.0068383547
3854,0.0020237472
3855,0.007286521
3856,0.012439626
3857,0.012627562
3858,0.005284813
3859,0.014266232
3860,0.024611302
3861,0.014587286
3862,0.011237327
3863,0.014806226
3864,0.020488102
3865,0.012740445
3866,0.0020105655
3867,0.016739067
3868,0.026247948
3869,0.008979787
3870,0.010181376
3871,0.022007864
3872,0.031396225
3873,0.015307155
3874,0.006949201
3875,0.010568499
3876,0.01505639
3877,0.0049727233
3878,0.0042608143
3879,0.0034006338
3880,0.005561362
3881,0.001150381
3882,0.0006561759
3883,0.0008756196
3884,0.00023693936
3885,0.013859194
3886,0.016092213
3887,0.013023274
3888,0.022261713
3889,0.015435882
3890,0.02265596
3891,0.013092343
3892,0.033536028
3893,0.026926495
3894,0.036226366
3895,0.021664035
3896,0.04668882
3897,0.036970515
3898,0.042187843
3899,0.018108753
3900,0.036022708
3901,0.03662372
3902,0.042964004
3903,0.009051591
3904,0.02627315
3905,0.02967962
3906,0.03518662
3907,0.020866388
3908,0.0328256
3909,0.0379031
3910,0.044417113
3911,0.015442449
3912,0.024001813
3913,0.021841286
3914,0.027531732
3915,0.0113086365
3916,0.01501409
3917,0.010917447
3918,0.0126564605
3919,0.0020969706
3920,0.0020805164
3921,0.0015877077
3922,0.013108313
3923,0.018028256
3924,0.019591615
3925,0.020096831
3926,0.016109329
3927,0.01827878
3928,0.008483092
3929,0.015939375
3930,0.013044465
3931,0.01821106
3932,0.014373356
3933,0.033312585
3934,0.04650639
3935,0.044918086
3936,0.024762427
3937,0.039840493
3938,0.04582959
3939,0.048537843
3940,0.009874753
3941,0.027728695
3942,0.04433861
3943,0.04766999
3944,0.032939907
3945,0.05301848
3946,0.06346193
3947,0.06262859
3948,0.025864467
3949,0.033838168
3950,0.029324755
3951,0.02965834
3952,0.0118958345
3953,0.010811111
3954,0.007221577
3955,0.007487817
3956,0.0015863049
3957,0.001460846
3958,0.0014276275
3959,0.0072411466
3960,0.006314277
3961,0.0060242997
3962,0.006332245
3963,0.0066194716
3964,0.009342256
3965,0.0042099883
3966,0.012900301
3967,0.013389631
3968,0.017503574
3969,0.011854661
3970,0.022840077
3971,0.02752547
3972,0.031810537
3973,0.015949309
3974,0.023039667
3975,0.018897498
3976,0.026267583
3977,0.004801451
3978,0.007052065
3979,0.013640327
3980,0.018064408
3981,0.009692007
3982,0.014753097
3983,0.015035806
3984,0.018313501
3985,0.0073042456
3986,0.010060979
3987,0.008719788
3988,0.008898019
3989,0.0052384813
3990,0.0046238857
3991,0.0006494557
3992,0.0014874722
3993,0.00074685714
3994,0.00045805494
3995,0.0008751807
3996,0.00245397
3997,0.0032474971
3998,0.001742666
3999,0.009012823
4000,0.0076459153
4001,0.013473748
4002,0.007823049
4003,0.02424647
4004,0.022471542
4005,0.029989947
4006,0.023484727
4007,0.037115667
4008,0.031786934
4009,0.04427618
4010,0.026042879
4011,0.02944744
4012,0.016654119
4013,0.03157147
4014,0.005356541
4015,0.0037456038
4016,0.0064186105
4017,0.013452718
4018,0.008208616
4019,0.012680669
4020,0.012258655
4021,0.016761642
4022,0.009524882
4023,0.006337527
4024,0.0015567449
4025,0.011976181
4026,0.0031559607
4027,0.003746332
4028,0.005022752
4029,0.0014094274
4030,0.0003216335
4031,0.0003875344
4032,0.00040510925
4033,0.0063167326
4034,0.009017791
4035,0.006991207
4036,0.013818155
4037,0.012652552
4038,0.01861167
4039,0.0075322827
4040,0.016473
4041,0.012508262
4042,0.014940061
4043,0.012141642
4044,0.025045969
4045,0.026460882
4046,0.02987337
4047,0.018748086
4048,0.025234502
4049,0.019909808
4050,0.02702903
4051,0.004703091
4052,0.008686634
4053,0.013395081
4054,0.016693257
4055,0.010598833
4056,0.021111963
4057,0.02043094
4058,0.026426863
4059,0.012139553
4060,0.019282296
4061,0.01991978
4062,0.025706753
4063,0.008986373
4064,0.013241468
4065,0.011107278
4066,0.013911919
4067,0.0022323763
4068,0.0028128964
4069,0.001644184
4070,0.0031254247
4071,0.005809975
4072,0.007467107
4073,0.00743101
4074,0.012611939
4075,0.016632477
4076,0.0060745166
4077,0.0075347554
4078,0.0067087235
4079,0.009277572
4080,0.0075507783
4081,0.010258282
4082,0.007758247
4083,0.00679521
4084,0.0031039664
4085,0.0046986016
4086,0.0070262365
4087,0.004899392
4088,0.005080791
4089,0.008716616
4090,0.012638319
4091,0.010992263
4092,0.006260347
4093,0.0056995903
4094,0.007957397
4095,0.0073012053
4096,0.0027003596
4097,0.01085608
4098,0.015435572
4099,0.016082022
4100,0.01029609
4101,0.013645794
4102,0.015908178
4103,0.015386457
4104,0.0035262287
4105,0.003711208
4106,0.002202003
4107,0.0033387928
4108,0.004781442
4109,0.0036342759
4110,0.012315613
4111,0.0081540635
4112,0.011503921
4113,0.0098702125
4114,0.016730314
4115,0.014585913
4116,0.016711945
4117,0.006039932
4118,0.012593362
4119,0.011073725
4120,0.012295345
4121,0.0035294525
4122,0.009613879
4123,0.011388378
4124,0.01334107
4125,0.0034125575
4126,0.00845343
4127,0.004616689
4128,0.0077859056
4129,0.0023672658
4130,0.0063331835
4131,0.0030780584
4132,0.004884078
4133,0.0035896786
4134,0.008717674
4135,0.01069882
4136,0.013760463
4137,0.004692748
4138,0.0074086827
4139,0.0075776945
4140,0.009196474
4141,0.0032738554
4142,0.003631064
4143,0.0014817774
4144,0.004590742
4145,0.006202989
4146,0.0045943097
4147,0.010679492
4148,0.0090031
4149,0.012341587
4150,0.006280573
4151,0.010936539
4152,0.01285637
4153,0.011579842
4154,0.008825853
4155,0.018055866
4156,0.016058285
4157,0.015039369
4158,0.0098481765
4159,0.02082604
4160,0.016319567
4161,0.022000434
4162,0.010757012
4163,0.016523838
4164,0.012536008
4165,0.01782006
4166,0.006779559
4167,0.01728464
4168,0.008301189
4169,0.011289002
4170,0.0054569286
4171,0.015126479
4172,0.01032482
4173,0.01537696
4174,0.006278138
4175,0.008913371
4176,0.0049549458
4177,0.008404815
4178,0.00097606133
4179,0.0010454588
4180,0.0003020302
4181,0.0059373314
4182,0.008696341
4183,0.0064535793
4184,0.014205134
4185,0.014457458
4186,0.018680293
4187,0.0063498127
4188,0.014859234
4189,0.015920054
4190,0.01830216
4191,0.0077083698
4192,0.013199526
4193,0.012631099
4194,0.01612192
4195,0.0077402256
4196,0.008967548
4197,0.010244855
4198,0.013609978
4199,0.007812108
4200,0.013187219
4201,0.010973961
4202,0.012475997
4203,0.0048509715
4204,0.01303167
4205,0.0091136675
4206,0.009984214
4207,0.001880667
4208,0.0038712749
4209,0.0073792017
4210,0.009585859
4211,0.0051085944
4212,0.00452414
4213,0.0054907757
4214,0.007974672
4215,0.0022548893
4216,0.0028475744
4217,0.00088333746
4218,0.004892237
4219,0.004267795
4220,0.0048697446
4221,0.017964343
4222,0.017970677
4223,0.021648936
4224,0.014415778
4225,0.025881406
4226,0.02564623
4227,0.028914953
4228,0.010418741
4229,0.008917806
4230,0.013312579
4231,0.007934216
4232,0.007176477
4233,0.0042649745
4234,0.00806217
4235,0.0013423845
4236,0.006234839
4237,0.012494261
4238,0.008591674
4239,0.01068435
4240,0.009102175
4241,0.009516894
4242,0.00410791
4243,0.004847691
4244,0.0034531972
4245,0.0076609473
4246,0.008191487
4247,0.0060447278
4248,0.0074512237
4249,0.004687046
4250,0.0051023453
4251,0.002940102
4252,0.003340823
4253,0.002367858
4254,0.00014630455
4255,0.000814831
4256,0.0033806218
4257,0.0023436674
4258,0.012710657
4259,0.00927176
4260,0.012841622
4261,0.006418394
4262,0.013438974
4263,0.009330085
4264,0.013745314
4265,0.002552071
4266,0.006118012
4267,0.00489248
4268,0.007531412
4269,0.0058420426
4270,0.007811658
4271,0.006896074
4272,0.012161665
4273,0.0035679778
4274,0.009986519
4275,0.007767559
4276,0.0110996645
4277,0.0041575986
4278,0.009320548
4279,0.0042976458
4280,0.0066388603
4281,0.0022898093
4282,0.005194015
4283,0.0060579665
4284,0.008944454
4285,0.0044754758
4286,0.0039965706
4287,0.0038022527
4288,0.0055140504
4289,0.0015150202
4290,0.0011628282
4291,0.00017894497
4292,0.0045895292
4293,0.0050747534
4294,0.004948927
4295,0.013684196
4296,0.0074663763
4297,0.012080873
4298,0.004930729
4299,0.011286207
4300,0.009653187
4301,0.0083086975
4302,0.0033851643
4303,0.008931735
4304,0.005919379
4305,0.0049435785
4306,0.0016270315
4307,0.0080783265
4308,0.006583127
4309,0.006672708
4310,0.0017552436
4311,0.007823596
4312,0.0064773294
4313,0.006002086
4314,0.0015495624
4315,0.0054203994
4316,0.0023341011
4317,0.0022648973
4318,0.0018108415
4319,0.0056754183
4320,0.00511503
4321,0.004623137
4322,0.0018572956
4323,0.0035960954
4324,0.0043697064
4325,0.0055274596
4326,0.002616093
4327,0.002096611
4328,0.0006674308
4329,0.0031081277
4330,0.0032352926
4331,0.0028629582
4332,0.00843301
4333,0.005917492
4334,0.006289
4335,0.0029586905
4336,0.009177643
4337,0.006387512
4338,0.010343233
4339,0.0034165627
4340,0.010917085
4341,0.007127143
4342,0.009883448
4343,0.002883896
4344,0.010334014
4345,0.0072467667
4346,0.009632644
4347,0.0031368916
4348,0.005990462
4349,0.004541092
4350,0.006145594
4351,0.0014306596
4352,0.004641405
4353,0.0018441271
4354,0.002717419
4355,0.0023484225
4356,0.002344725
4357,0.001913399
4358,0.0059026834
4359,0.0040419893
4360,0.0041929563
4361,0.004244777
4362,0.0054264176
4363,0.0019492359
4364,0.0013869551
4365,0.00142376
4366,0.011835288
4367,0.013082585
4368,0.014856362
4369,0.017171064
4370,0.013134752
4371,0.012338872
4372,0.010109729
4373,0.009872775
4374,0.010659187
4375,0.009967829
4376,0.006854853
4377,0.010182245
4378,0.01063638
4379,0.009427555
4380,0.0043828217
4381,0.00918674
4382,0.011283501
4383,0.010595194
4384,0.006016882
4385,0.009094578
4386,0.010783919
4387,0.009419243
4388,0.0036544134
4389,0.005692358
4390,0.006080762
4391,0.005698767
4392,0.003788094
4393,0.004922103
4394,0.0053162877
4395,0.004721687
4396,0.0028106852
4397,0.003959412
4398,0.0044996436
4399,0.0057246243
4400,0.003929335
4401,0.004190579
4402,0.004344729
